job_id,emp_id
JB_ID10012,E00007
JB_ID10012,E00008
JB_ID10012,E00006
JB_ID10012,E00005
JB_ID10012,E00004
JB_ID10024,E00005
JB_ID10024,E00007
JB_ID10024,E00006
JB_ID10024,E00003
JB_ID10024,E00002
JB_ID10024,E00010
JB_ID10027,E00007
JB_ID10027,E00010
JB_ID10027,E00002
JB_ID10033,E00006
JB_ID10039,E00002
JB_ID10039,E00003
JB_ID10039,E00005
JB_ID10039,E00009
JB_ID10040,E00004
JB_ID10040,E00007
JB_ID10043,E00004
JB_ID10043,E00001
JB_ID10043,E00006
JB_ID10043,E00005
JB_ID10046,E00009
JB_ID10046,E00004
JB_ID10046,E00001
JB_ID10046,E00005
JB_ID10056,E00008
JB_ID10056,E00004
JB_ID10056,E00001
JB_ID10056,E00003
JB_ID10056,E00007
JB_ID10056,E00009
JB_ID10061,E00006
JB_ID10061,E00007
JB_ID10061,E00010
JB_ID10061,E00001
JB_ID10079,E00005
JB_ID10079,E00003
JB_ID10079,E00010
JB_ID10108,E00002
JB_ID10108,E00006
JB_ID10108,E00003
JB_ID10108,E00010
JB_ID10108,E00001
JB_ID10108,E00004
JB_ID10111,E00010
JB_ID10111,E00008
JB_ID10117,E00002
JB_ID10117,E00006
JB_ID10117,E00003
JB_ID10117,E00004
JB_ID10119,E00005
JB_ID10119,E00003
JB_ID10119,E00006
JB_ID10119,E00008
JB_ID10129,E00002
JB_ID10129,E00003
JB_ID10129,E00001
JB_ID10137,E00006
JB_ID10137,E00008
JB_ID10137,E00003
JB_ID10137,E00009
JB_ID10137,E00007
JB_ID10141,E00006
JB_ID10141,E00005
JB_ID10141,E00008
JB_ID10172,E00002
JB_ID10172,E00008
JB_ID10172,E00007
JB_ID10190,E00008
JB_ID10190,E00004
JB_ID10190,E00006
JB_ID10190,E00007
JB_ID10190,E00003
JB_ID10190,E00001
JB_ID10190,E00009
JB_ID10215,E00006
JB_ID10215,E00001
JB_ID10216,E00003
JB_ID10216,E00005
JB_ID10216,E00006
JB_ID10216,E00010
JB_ID10221,E00010
JB_ID10221,E00001
JB_ID10221,E00009
JB_ID10221,E00006
JB_ID10249,E00003
JB_ID10258,E00009
JB_ID10258,E00004
JB_ID10258,E00010
JB_ID10258,E00003
JB_ID10284,E00001
JB_ID10284,E00003
JB_ID10284,E00002
JB_ID10284,E00009
JB_ID10284,E00005
JB_ID10286,E00006
JB_ID10301,E00005
JB_ID10301,E00001
JB_ID10301,E00002
JB_ID10301,E00004
JB_ID10321,E00008
JB_ID10321,E00001
JB_ID10328,E00003
JB_ID10328,E00005
JB_ID10328,E00008
JB_ID10328,E00007
JB_ID10332,E00003
JB_ID10332,E00010
JB_ID10332,E00006
JB_ID10338,E00007
JB_ID10338,E00010
JB_ID10338,E00006
JB_ID10338,E00001
JB_ID10338,E00002
JB_ID10338,E00003
JB_ID10359,E00003
JB_ID10359,E00008
JB_ID10359,E00001
JB_ID10363,E00009
JB_ID10363,E00005
JB_ID10363,E00001
JB_ID10363,E00008
JB_ID10381,E00007
JB_ID10381,E00002
JB_ID10381,E00006
JB_ID10381,E00001
JB_ID10384,E00009
JB_ID10384,E00005
JB_ID10384,E00006
JB_ID10399,E00006
JB_ID10399,E00009
JB_ID10399,E00004
JB_ID10399,E00001
JB_ID10408,E00003
JB_ID10408,E00009
JB_ID10415,E00003
JB_ID10418,E00007
JB_ID10418,E00006
JB_ID10425,E00003
JB_ID10425,E00002
JB_ID10430,E00007
JB_ID10430,E00009
JB_ID10430,E00002
JB_ID10433,E00006
JB_ID10433,E00001
JB_ID10433,E00003
JB_ID10436,E00004
JB_ID10436,E00010
JB_ID10436,E00003
JB_ID10436,E00001
JB_ID10436,E00006
JB_ID10440,E00002
JB_ID10447,E00009
JB_ID10447,E00005
JB_ID10447,E00001
JB_ID10447,E00002
JB_ID10447,E00004
JB_ID10447,E00003
JB_ID10450,E00010
JB_ID10450,E00009
JB_ID10452,E00005
JB_ID10452,E00010
JB_ID10452,E00003
JB_ID10452,E00008
JB_ID10454,E00009
JB_ID10454,E00003
JB_ID10454,E00001
JB_ID10454,E00008
JB_ID10454,E00006
JB_ID10463,E00003
JB_ID10463,E00004
JB_ID10463,E00007
JB_ID10469,E00002
JB_ID10469,E00004
JB_ID10477,E00008
JB_ID10477,E00006
JB_ID10477,E00004
JB_ID10483,E00009
JB_ID10483,E00008
JB_ID10483,E00004
JB_ID10494,E00001
JB_ID10499,E00010
JB_ID10515,E00003
JB_ID10515,E00008
JB_ID10515,E00009
JB_ID10515,E00004
JB_ID10536,E00007
JB_ID10536,E00010
JB_ID10536,E00004
JB_ID10536,E00009
JB_ID10538,E00003
JB_ID10538,E00008
JB_ID10538,E00009
JB_ID10538,E00005
JB_ID10538,E00001
JB_ID10561,E00006
JB_ID10569,E00006
JB_ID10569,E00008
JB_ID10569,E00003
JB_ID10569,E00005
JB_ID10569,E00001
JB_ID10584,E00002
JB_ID10584,E00008
JB_ID10584,E00003
JB_ID10584,E00005
JB_ID10588,E00009
JB_ID10588,E00006
JB_ID10588,E00003
JB_ID10588,E00005
JB_ID10588,E00002
JB_ID10597,E00003
JB_ID10597,E00009
JB_ID10597,E00006
JB_ID10606,E00004
JB_ID10606,E00007
JB_ID10606,E00002
JB_ID10614,E00001
JB_ID10614,E00002
JB_ID10614,E00005
JB_ID10614,E00010
JB_ID10615,E00005
JB_ID10615,E00009
JB_ID10615,E00010
JB_ID10615,E00006
JB_ID10627,E00002
JB_ID10627,E00009
JB_ID10632,E00006
JB_ID10632,E00007
JB_ID10632,E00002
JB_ID10632,E00003
JB_ID10642,E00008
JB_ID10642,E00006
JB_ID10642,E00009
JB_ID10643,E00010
JB_ID10643,E00007
JB_ID10643,E00006
JB_ID10649,E00004
JB_ID10649,E00007
JB_ID10655,E00007
JB_ID10655,E00006
JB_ID10671,E00002
JB_ID10671,E00009
JB_ID10671,E00010
JB_ID10671,E00007
JB_ID10671,E00005
JB_ID10672,E00006
JB_ID10672,E00001
JB_ID10672,E00009
JB_ID10672,E00007
JB_ID10672,E00004
JB_ID10672,E00005
JB_ID10687,E00009
JB_ID10687,E00005
JB_ID10687,E00001
JB_ID10688,E00003
JB_ID10688,E00001
JB_ID10689,E00004
JB_ID10694,E00004
JB_ID10694,E00001
JB_ID10694,E00009
JB_ID10696,E00009
JB_ID10696,E00001
JB_ID10696,E00005
JB_ID10696,E00010
JB_ID10712,E00004
JB_ID10712,E00006
JB_ID10712,E00005
JB_ID10723,E00007
JB_ID10723,E00006
JB_ID10723,E00009
JB_ID10724,E00010
JB_ID10736,E00006
JB_ID10736,E00009
JB_ID10736,E00002
JB_ID10736,E00007
JB_ID10736,E00003
JB_ID10736,E00004
JB_ID10764,E00007
JB_ID10775,E00007
JB_ID10775,E00001
JB_ID10775,E00010
JB_ID10775,E00003
JB_ID10775,E00004
JB_ID10795,E00002
JB_ID10795,E00001
JB_ID10795,E00008
JB_ID10795,E00004
JB_ID10796,E00009
JB_ID10796,E00007
JB_ID10797,E00005
JB_ID10797,E00002
JB_ID10797,E00008
JB_ID10797,E00004
JB_ID10803,E00003
JB_ID10803,E00002
JB_ID10803,E00010
JB_ID10805,E00009
JB_ID10805,E00010
JB_ID10805,E00001
JB_ID10805,E00006
JB_ID10805,E00003
JB_ID10805,E00007
JB_ID10805,E00008
JB_ID10829,E00004
JB_ID10829,E00002
JB_ID10829,E00008
JB_ID10829,E00010
JB_ID10829,E00009
JB_ID10829,E00006
JB_ID10839,E00007
JB_ID10839,E00006
JB_ID10839,E00002
JB_ID10854,E00006
JB_ID10858,E00005
JB_ID10858,E00002
JB_ID10858,E00006
JB_ID10858,E00010
JB_ID10861,E00005
JB_ID10861,E00006
JB_ID10861,E00007
JB_ID10861,E00002
JB_ID10879,E00004
JB_ID10879,E00001
JB_ID10879,E00010
JB_ID10879,E00005
JB_ID10879,E00008
JB_ID10880,E00002
JB_ID10883,E00007
JB_ID10883,E00009
JB_ID10883,E00003
JB_ID10883,E00001
JB_ID10897,E00002
JB_ID10897,E00010
JB_ID10897,E00001
JB_ID10899,E00003
JB_ID10899,E00006
JB_ID10899,E00009
JB_ID10902,E00010
JB_ID10902,E00004
JB_ID10902,E00003
JB_ID10902,E00001
JB_ID10902,E00006
JB_ID10915,E00008
JB_ID10915,E00001
JB_ID10934,E00008
JB_ID10949,E00010
JB_ID10949,E00008
JB_ID10949,E00001
JB_ID10949,E00006
JB_ID10961,E00007
JB_ID10961,E00006
JB_ID10961,E00002
JB_ID10961,E00005
JB_ID10961,E00003
JB_ID10971,E00003
JB_ID10971,E00010
JB_ID11004,E00001
JB_ID11013,E00004
JB_ID11013,E00002
JB_ID11013,E00009
JB_ID11020,E00003
JB_ID11020,E00001
JB_ID11020,E00010
JB_ID11038,E00003
JB_ID11038,E00008
JB_ID11038,E00010
JB_ID11038,E00002
JB_ID11042,E00003
JB_ID11042,E00010
JB_ID11082,E00006
JB_ID11082,E00007
JB_ID11082,E00009
JB_ID11092,E00008
JB_ID11092,E00002
JB_ID11092,E00003
JB_ID11095,E00003
JB_ID11104,E00007
JB_ID11104,E00004
JB_ID11104,E00006
JB_ID11104,E00002
JB_ID11113,E00005
JB_ID11113,E00003
JB_ID11113,E00001
JB_ID11113,E00004
JB_ID11128,E00008
JB_ID11128,E00007
JB_ID11128,E00009
JB_ID11128,E00005
JB_ID11141,E00003
JB_ID11141,E00004
JB_ID11141,E00009
JB_ID11141,E00010
JB_ID11156,E00002
JB_ID11156,E00001
JB_ID11156,E00003
JB_ID11156,E00010
JB_ID11156,E00005
JB_ID11156,E00007
JB_ID11156,E00006
JB_ID11172,E00003
JB_ID11172,E00004
JB_ID11172,E00006
JB_ID11172,E00007
JB_ID11172,E00001
JB_ID11172,E00010
JB_ID11173,E00001
JB_ID11173,E00002
JB_ID11173,E00006
JB_ID11173,E00007
JB_ID11173,E00008
JB_ID11173,E00010
JB_ID11173,E00003
JB_ID11175,E00006
JB_ID11175,E00001
JB_ID11175,E00009
JB_ID11192,E00002
JB_ID11192,E00009
JB_ID11192,E00008
JB_ID11201,E00003
JB_ID11208,E00001
JB_ID11208,E00006
JB_ID11208,E00009
JB_ID11209,E00009
JB_ID11213,E00001
JB_ID11213,E00008
JB_ID11216,E00005
JB_ID11216,E00001
JB_ID11216,E00003
JB_ID11221,E00009
JB_ID11221,E00003
JB_ID11221,E00008
JB_ID11221,E00007
JB_ID11227,E00003
JB_ID11227,E00008
JB_ID11227,E00010
JB_ID11242,E00003
JB_ID11242,E00009
JB_ID11242,E00005
JB_ID11249,E00010
JB_ID11249,E00008
JB_ID11249,E00002
JB_ID11249,E00003
JB_ID11256,E00003
JB_ID11256,E00009
JB_ID11256,E00005
JB_ID11258,E00004
JB_ID11258,E00001
JB_ID11258,E00009
JB_ID11258,E00005
JB_ID11259,E00008
JB_ID11259,E00003
JB_ID11285,E00008
JB_ID11285,E00003
JB_ID11285,E00007
JB_ID11313,E00003
JB_ID11313,E00001
JB_ID11315,E00006
JB_ID11315,E00001
JB_ID11318,E00004
JB_ID11318,E00010
JB_ID11318,E00002
JB_ID11318,E00003
JB_ID11318,E00005
JB_ID11325,E00007
JB_ID11325,E00009
JB_ID11325,E00005
JB_ID11325,E00001
JB_ID11325,E00008
JB_ID11328,E00006
JB_ID11328,E00001
JB_ID11328,E00008
JB_ID11328,E00009
JB_ID11328,E00005
JB_ID11329,E00008
JB_ID11329,E00007
JB_ID11329,E00010
JB_ID11346,E00001
JB_ID11346,E00005
JB_ID11346,E00003
JB_ID11398,E00008
JB_ID11398,E00009
JB_ID11398,E00001
JB_ID11398,E00006
JB_ID11398,E00004
JB_ID11398,E00010
JB_ID11416,E00010
JB_ID11416,E00006
JB_ID11416,E00003
JB_ID11416,E00008
JB_ID11416,E00009
JB_ID11436,E00009
JB_ID11436,E00004
JB_ID11436,E00002
JB_ID11457,E00004
JB_ID11457,E00007
JB_ID11457,E00002
JB_ID11477,E00008
JB_ID11477,E00009
JB_ID11477,E00005
JB_ID11477,E00003
JB_ID11482,E00006
JB_ID11482,E00001
JB_ID11482,E00003
JB_ID11482,E00010
JB_ID11482,E00002
JB_ID11482,E00009
JB_ID11491,E00001
JB_ID11491,E00006
JB_ID11491,E00004
JB_ID11492,E00003
JB_ID11492,E00004
JB_ID11492,E00006
JB_ID11492,E00001
JB_ID11493,E00003
JB_ID11493,E00009
JB_ID11493,E00002
JB_ID11493,E00005
JB_ID10008,E00003
JB_ID10009,E00006
JB_ID10009,E00010
JB_ID10009,E00003
JB_ID10009,E00004
JB_ID10009,E00001
JB_ID10010,E00004
JB_ID10010,E00009
JB_ID10010,E00005
JB_ID10010,E00007
JB_ID10010,E00002
JB_ID10011,E00006
JB_ID10103,E00007
JB_ID10103,E00001
JB_ID10103,E00005
JB_ID10103,E00009
JB_ID10103,E00003
JB_ID10105,E00009
JB_ID10105,E00007
JB_ID10105,E00001
JB_ID10105,E00008
JB_ID10105,E00002
JB_ID10105,E00005
JB_ID10112,E00006
JB_ID10112,E00003
JB_ID10112,E00007
JB_ID10112,E00004
JB_ID10114,E00008
JB_ID10114,E00001
JB_ID10114,E00009
JB_ID10114,E00007
JB_ID10114,E00002
JB_ID10154,E00002
JB_ID10154,E00006
JB_ID10154,E00009
JB_ID10168,E00004
JB_ID10168,E00010
JB_ID10168,E00005
JB_ID10168,E00002
JB_ID10199,E00008
JB_ID10238,E00010
JB_ID10238,E00008
JB_ID10268,E00004
JB_ID10268,E00010
JB_ID10268,E00005
JB_ID10268,E00002
JB_ID10279,E00009
JB_ID10279,E00007
JB_ID10279,E00003
JB_ID10281,E00001
JB_ID10281,E00007
JB_ID10281,E00008
JB_ID10281,E00003
JB_ID10281,E00010
JB_ID10281,E00005
JB_ID10287,E00008
JB_ID10287,E00007
JB_ID10287,E00002
JB_ID10300,E00005
JB_ID10300,E00010
JB_ID10300,E00003
JB_ID10300,E00007
JB_ID10300,E00006
JB_ID10322,E00008
JB_ID10322,E00009
JB_ID10322,E00007
JB_ID10355,E00007
JB_ID10355,E00006
JB_ID10355,E00010
JB_ID10367,E00004
JB_ID10379,E00004
JB_ID10386,E00008
JB_ID10406,E00002
JB_ID10406,E00001
JB_ID10406,E00006
JB_ID10406,E00008
JB_ID10438,E00007
JB_ID10438,E00010
JB_ID10438,E00002
JB_ID10438,E00006
JB_ID10443,E00009
JB_ID10443,E00003
JB_ID10461,E00006
JB_ID10461,E00001
JB_ID10461,E00008
JB_ID10461,E00002
JB_ID10462,E00009
JB_ID10462,E00010
JB_ID10462,E00001
JB_ID10506,E00009
JB_ID10506,E00008
JB_ID10506,E00004
JB_ID10524,E00002
JB_ID10550,E00010
JB_ID10550,E00008
JB_ID10550,E00007
JB_ID10551,E00003
JB_ID10576,E00003
JB_ID10576,E00010
JB_ID10576,E00009
JB_ID10610,E00001
JB_ID10619,E00005
JB_ID10619,E00006
JB_ID10619,E00010
JB_ID10628,E00010
JB_ID10628,E00003
JB_ID10628,E00006
JB_ID10644,E00003
JB_ID10644,E00002
JB_ID10644,E00010
JB_ID10644,E00001
JB_ID10644,E00007
JB_ID10652,E00010
JB_ID10657,E00008
JB_ID10657,E00010
JB_ID10657,E00002
JB_ID10662,E00008
JB_ID10662,E00003
JB_ID10666,E00003
JB_ID10666,E00006
JB_ID10692,E00004
JB_ID10692,E00002
JB_ID10700,E00009
JB_ID10700,E00010
JB_ID10729,E00003
JB_ID10729,E00002
JB_ID10729,E00010
JB_ID10743,E00001
JB_ID10770,E00002
JB_ID10770,E00003
JB_ID10770,E00007
JB_ID10770,E00001
JB_ID10770,E00009
JB_ID10770,E00004
JB_ID10820,E00002
JB_ID10820,E00003
JB_ID10821,E00007
JB_ID10821,E00008
JB_ID10821,E00001
JB_ID10821,E00006
JB_ID10821,E00002
JB_ID10821,E00010
JB_ID10823,E00008
JB_ID10823,E00010
JB_ID10823,E00009
JB_ID10823,E00002
JB_ID10823,E00006
JB_ID10823,E00005
JB_ID10827,E00003
JB_ID10827,E00002
JB_ID10827,E00008
JB_ID10834,E00005
JB_ID10834,E00007
JB_ID10834,E00003
JB_ID10851,E00003
JB_ID10851,E00009
JB_ID10851,E00010
JB_ID10935,E00004
JB_ID10935,E00007
JB_ID11015,E00002
JB_ID11015,E00003
JB_ID11047,E00004
JB_ID11047,E00001
JB_ID11047,E00008
JB_ID11047,E00002
JB_ID11047,E00005
JB_ID11047,E00009
JB_ID11089,E00003
JB_ID11089,E00005
JB_ID11089,E00006
JB_ID11089,E00008
JB_ID11089,E00004
JB_ID11089,E00009
JB_ID11089,E00010
JB_ID11089,E00001
JB_ID11116,E00007
JB_ID11116,E00010
JB_ID11116,E00004
JB_ID11116,E00009
JB_ID11116,E00005
JB_ID11116,E00002
JB_ID11155,E00005
JB_ID11155,E00007
JB_ID11155,E00010
JB_ID11155,E00003
JB_ID11170,E00010
JB_ID11170,E00005
JB_ID11244,E00005
JB_ID11269,E00009
JB_ID11269,E00001
JB_ID11269,E00003
JB_ID11269,E00004
JB_ID11294,E00006
JB_ID11308,E00004
JB_ID11308,E00006
JB_ID11308,E00007
JB_ID11317,E00005
JB_ID11320,E00001
JB_ID11342,E00004
JB_ID11342,E00010
JB_ID11342,E00008
JB_ID11342,E00009
JB_ID11405,E00002
JB_ID11405,E00009
JB_ID11405,E00005
JB_ID11405,E00003
JB_ID11415,E00008
JB_ID11415,E00006
JB_ID11419,E00002
JB_ID11419,E00009
JB_ID11419,E00006
JB_ID11419,E00008
JB_ID11419,E00007
JB_ID11424,E00004
JB_ID11424,E00002
JB_ID11424,E00006
JB_ID11460,E00004
JB_ID11460,E00009
JB_ID11475,E00007
JB_ID11475,E00003
JB_ID11475,E00008
JB_ID11475,E00001
JB_ID11475,E00010
JB_ID11475,E00005
JB_ID11481,E00008
JB_ID11481,E00003
JB_ID11481,E00001
JB_ID10003,E00008
JB_ID10003,E00005
JB_ID10014,E00002
JB_ID10032,E00007
JB_ID10032,E00001
JB_ID10032,E00005
JB_ID10032,E00003
JB_ID10044,E00004
JB_ID10044,E00009
JB_ID10044,E00002
JB_ID10044,E00008
JB_ID10049,E00009
JB_ID10049,E00006
JB_ID10049,E00005
JB_ID10062,E00002
JB_ID10062,E00005
JB_ID10062,E00006
JB_ID10062,E00001
JB_ID10062,E00004
JB_ID10062,E00010
JB_ID10062,E00009
JB_ID10073,E00008
JB_ID10073,E00001
JB_ID10073,E00006
JB_ID10073,E00004
JB_ID10078,E00002
JB_ID10078,E00009
JB_ID10083,E00004
JB_ID10087,E00006
JB_ID10093,E00002
JB_ID10093,E00005
JB_ID10093,E00008
JB_ID10093,E00004
JB_ID10093,E00010
JB_ID10093,E00003
JB_ID10093,E00007
JB_ID10096,E00009
JB_ID10096,E00008
JB_ID10096,E00004
JB_ID10096,E00001
JB_ID10096,E00005
JB_ID10096,E00003
JB_ID10123,E00010
JB_ID10123,E00003
JB_ID10131,E00001
JB_ID10131,E00007
JB_ID10131,E00004
JB_ID10131,E00008
JB_ID10135,E00002
JB_ID10135,E00003
JB_ID10135,E00007
JB_ID10142,E00006
JB_ID10142,E00007
JB_ID10142,E00003
JB_ID10142,E00002
JB_ID10145,E00007
JB_ID10145,E00005
JB_ID10149,E00009
JB_ID10149,E00007
JB_ID10149,E00010
JB_ID10149,E00002
JB_ID10149,E00001
JB_ID10152,E00007
JB_ID10152,E00001
JB_ID10152,E00003
JB_ID10152,E00008
JB_ID10153,E00001
JB_ID10153,E00004
JB_ID10153,E00009
JB_ID10153,E00005
JB_ID10153,E00003
JB_ID10157,E00001
JB_ID10157,E00005
JB_ID10162,E00005
JB_ID10162,E00007
JB_ID10162,E00010
JB_ID10164,E00006
JB_ID10164,E00004
JB_ID10164,E00009
JB_ID10164,E00010
JB_ID10164,E00002
JB_ID10164,E00007
JB_ID10166,E00005
JB_ID10166,E00008
JB_ID10166,E00010
JB_ID10166,E00002
JB_ID10166,E00004
JB_ID10166,E00009
JB_ID10166,E00006
JB_ID10185,E00007
JB_ID10185,E00008
JB_ID10188,E00010
JB_ID10188,E00008
JB_ID10188,E00003
JB_ID10197,E00007
JB_ID10201,E00004
JB_ID10201,E00003
JB_ID10201,E00001
JB_ID10201,E00008
JB_ID10201,E00005
JB_ID10209,E00005
JB_ID10209,E00007
JB_ID10213,E00003
JB_ID10213,E00007
JB_ID10213,E00002
JB_ID10220,E00005
JB_ID10230,E00003
JB_ID10230,E00006
JB_ID10230,E00002
JB_ID10230,E00004
JB_ID10230,E00001
JB_ID10230,E00007
JB_ID10230,E00005
JB_ID10242,E00007
JB_ID10242,E00008
JB_ID10242,E00002
JB_ID10252,E00003
JB_ID10252,E00001
JB_ID10252,E00010
JB_ID10259,E00008
JB_ID10259,E00002
JB_ID10259,E00007
JB_ID10263,E00001
JB_ID10266,E00001
JB_ID10266,E00002
JB_ID10266,E00010
JB_ID10270,E00005
JB_ID10270,E00009
JB_ID10270,E00008
JB_ID10270,E00004
JB_ID10270,E00002
JB_ID10275,E00008
JB_ID10275,E00010
JB_ID10275,E00004
JB_ID10275,E00006
JB_ID10275,E00002
JB_ID10275,E00003
JB_ID10288,E00010
JB_ID10288,E00005
JB_ID10288,E00004
JB_ID10292,E00010
JB_ID10296,E00010
JB_ID10296,E00006
JB_ID10296,E00004
JB_ID10296,E00001
JB_ID10296,E00005
JB_ID10296,E00003
JB_ID10296,E00008
JB_ID10298,E00004
JB_ID10298,E00002
JB_ID10298,E00007
JB_ID10298,E00009
JB_ID10304,E00008
JB_ID10304,E00006
JB_ID10304,E00004
JB_ID10304,E00010
JB_ID10312,E00003
JB_ID10314,E00006
JB_ID10314,E00005
JB_ID10315,E00001
JB_ID10315,E00010
JB_ID10318,E00001
JB_ID10318,E00003
JB_ID10318,E00005
JB_ID10318,E00007
JB_ID10323,E00001
JB_ID10323,E00005
JB_ID10333,E00001
JB_ID10336,E00010
JB_ID10342,E00005
JB_ID10342,E00003
JB_ID10342,E00001
JB_ID10344,E00010
JB_ID10344,E00008
JB_ID10344,E00006
JB_ID10344,E00002
JB_ID10347,E00008
JB_ID10348,E00009
JB_ID10348,E00006
JB_ID10348,E00007
JB_ID10348,E00002
JB_ID10348,E00010
JB_ID10364,E00007
JB_ID10364,E00001
JB_ID10364,E00003
JB_ID10366,E00004
JB_ID10366,E00010
JB_ID10366,E00002
JB_ID10372,E00006
JB_ID10372,E00007
JB_ID10372,E00008
JB_ID10376,E00006
JB_ID10378,E00010
JB_ID10378,E00009
JB_ID10378,E00002
JB_ID10378,E00004
JB_ID10378,E00007
JB_ID10378,E00003
JB_ID10385,E00009
JB_ID10385,E00006
JB_ID10385,E00008
JB_ID10385,E00002
JB_ID10385,E00010
JB_ID10385,E00007
JB_ID10391,E00005
JB_ID10396,E00010
JB_ID10396,E00007
JB_ID10414,E00003
JB_ID10414,E00005
JB_ID10414,E00008
JB_ID10426,E00003
JB_ID10426,E00007
JB_ID10426,E00005
JB_ID10426,E00010
JB_ID10426,E00001
JB_ID10427,E00007
JB_ID10446,E00004
JB_ID10446,E00002
JB_ID10446,E00006
JB_ID10455,E00007
JB_ID10455,E00001
JB_ID10455,E00008
JB_ID10455,E00004
JB_ID10459,E00009
JB_ID10459,E00008
JB_ID10459,E00001
JB_ID10459,E00010
JB_ID10474,E00006
JB_ID10474,E00009
JB_ID10474,E00003
JB_ID10485,E00001
JB_ID10485,E00003
JB_ID10485,E00004
JB_ID10485,E00007
JB_ID10488,E00010
JB_ID10495,E00001
JB_ID10495,E00004
JB_ID10495,E00002
JB_ID10495,E00003
JB_ID10495,E00010
JB_ID10505,E00010
JB_ID10505,E00006
JB_ID10505,E00004
JB_ID10505,E00007
JB_ID10505,E00002
JB_ID10505,E00009
JB_ID10512,E00005
JB_ID10512,E00001
JB_ID10512,E00007
JB_ID10512,E00009
JB_ID10523,E00002
JB_ID10523,E00010
JB_ID10523,E00006
JB_ID10546,E00010
JB_ID10546,E00005
JB_ID10556,E00006
JB_ID10556,E00005
JB_ID10556,E00003
JB_ID10556,E00008
JB_ID10558,E00005
JB_ID10558,E00009
JB_ID10558,E00004
JB_ID10564,E00008
JB_ID10571,E00010
JB_ID10571,E00003
JB_ID10571,E00002
JB_ID10571,E00004
JB_ID10571,E00006
JB_ID10572,E00010
JB_ID10574,E00008
JB_ID10574,E00001
JB_ID10574,E00005
JB_ID10581,E00001
JB_ID10581,E00010
JB_ID10581,E00003
JB_ID10581,E00005
JB_ID10581,E00008
JB_ID10607,E00007
JB_ID10607,E00003
JB_ID10607,E00006
JB_ID10633,E00007
JB_ID10637,E00010
JB_ID10637,E00002
JB_ID10637,E00004
JB_ID10637,E00007
JB_ID10637,E00001
JB_ID10637,E00006
JB_ID10648,E00007
JB_ID10660,E00002
JB_ID10675,E00009
JB_ID10676,E00005
JB_ID10676,E00003
JB_ID10676,E00007
JB_ID10676,E00010
JB_ID10676,E00009
JB_ID10676,E00002
JB_ID10684,E00009
JB_ID10684,E00002
JB_ID10684,E00003
JB_ID10690,E00005
JB_ID10690,E00002
JB_ID10690,E00003
JB_ID10690,E00006
JB_ID10691,E00005
JB_ID10691,E00006
JB_ID10691,E00001
JB_ID10691,E00002
JB_ID10698,E00010
JB_ID10718,E00003
JB_ID10718,E00001
JB_ID10718,E00005
JB_ID10733,E00008
JB_ID10733,E00001
JB_ID10733,E00009
JB_ID10733,E00010
JB_ID10733,E00004
JB_ID10734,E00007
JB_ID10734,E00009
JB_ID10749,E00007
JB_ID10749,E00001
JB_ID10749,E00009
JB_ID10752,E00009
JB_ID10752,E00006
JB_ID10752,E00002
JB_ID10761,E00004
JB_ID10761,E00002
JB_ID10761,E00008
JB_ID10761,E00005
JB_ID10761,E00006
JB_ID10762,E00005
JB_ID10762,E00006
JB_ID10762,E00008
JB_ID10762,E00007
JB_ID10774,E00005
JB_ID10776,E00003
JB_ID10776,E00005
JB_ID10776,E00002
JB_ID10776,E00006
JB_ID10776,E00001
JB_ID10779,E00007
JB_ID10779,E00008
JB_ID10779,E00009
JB_ID10779,E00005
JB_ID10779,E00004
JB_ID10792,E00002
JB_ID10792,E00003
JB_ID10792,E00008
JB_ID10792,E00009
JB_ID10792,E00007
JB_ID10804,E00002
JB_ID10804,E00005
JB_ID10804,E00003
JB_ID10809,E00006
JB_ID10813,E00004
JB_ID10813,E00005
JB_ID10813,E00008
JB_ID10813,E00003
JB_ID10813,E00007
JB_ID10813,E00006
JB_ID10822,E00009
JB_ID10822,E00005
JB_ID10824,E00009
JB_ID10824,E00002
JB_ID10824,E00001
JB_ID10824,E00003
JB_ID10826,E00001
JB_ID10826,E00010
JB_ID10835,E00008
JB_ID10835,E00007
JB_ID10845,E00009
JB_ID10850,E00009
JB_ID10850,E00004
JB_ID10850,E00007
JB_ID10850,E00002
JB_ID10850,E00008
JB_ID10850,E00001
JB_ID10850,E00003
JB_ID10864,E00010
JB_ID10864,E00007
JB_ID10867,E00008
JB_ID10867,E00002
JB_ID10867,E00007
JB_ID10867,E00005
JB_ID10867,E00009
JB_ID10870,E00002
JB_ID10870,E00005
JB_ID10870,E00001
JB_ID10870,E00007
JB_ID10870,E00010
JB_ID10870,E00008
JB_ID10871,E00005
JB_ID10871,E00008
JB_ID10876,E00008
JB_ID10876,E00006
JB_ID10876,E00005
JB_ID10877,E00008
JB_ID10877,E00005
JB_ID10877,E00007
JB_ID10877,E00004
JB_ID10885,E00003
JB_ID10895,E00008
JB_ID10895,E00010
JB_ID10895,E00005
JB_ID10895,E00003
JB_ID10895,E00007
JB_ID10901,E00006
JB_ID10907,E00006
JB_ID10907,E00010
JB_ID10907,E00002
JB_ID10907,E00004
JB_ID10907,E00009
JB_ID10911,E00008
JB_ID10911,E00006
JB_ID10911,E00004
JB_ID10911,E00007
JB_ID10911,E00003
JB_ID10911,E00005
JB_ID10923,E00003
JB_ID10923,E00004
JB_ID10923,E00008
JB_ID10923,E00002
JB_ID10923,E00007
JB_ID10937,E00010
JB_ID10940,E00010
JB_ID10940,E00001
JB_ID10940,E00008
JB_ID10941,E00003
JB_ID10941,E00007
JB_ID10941,E00004
JB_ID10956,E00006
JB_ID10956,E00004
JB_ID10956,E00005
JB_ID10956,E00009
JB_ID10956,E00002
JB_ID10956,E00001
JB_ID10970,E00002
JB_ID10976,E00001
JB_ID10976,E00003
JB_ID10976,E00006
JB_ID10986,E00005
JB_ID10986,E00009
JB_ID10986,E00008
JB_ID10986,E00006
JB_ID10986,E00010
JB_ID10986,E00002
JB_ID10996,E00003
JB_ID10996,E00005
JB_ID10996,E00006
JB_ID10997,E00002
JB_ID10997,E00005
JB_ID10997,E00009
JB_ID11018,E00002
JB_ID11027,E00005
JB_ID11027,E00006
JB_ID11027,E00003
JB_ID11036,E00004
JB_ID11036,E00005
JB_ID11036,E00001
JB_ID11045,E00005
JB_ID11045,E00009
JB_ID11045,E00010
JB_ID11059,E00003
JB_ID11059,E00006
JB_ID11063,E00009
JB_ID11063,E00001
JB_ID11063,E00008
JB_ID11063,E00003
JB_ID11065,E00008
JB_ID11065,E00003
JB_ID11066,E00008
JB_ID11066,E00004
JB_ID11066,E00009
JB_ID11073,E00006
JB_ID11073,E00002
JB_ID11073,E00004
JB_ID11073,E00009
JB_ID11073,E00007
JB_ID11080,E00007
JB_ID11080,E00005
JB_ID11080,E00003
JB_ID11088,E00006
JB_ID11088,E00005
JB_ID11088,E00003
JB_ID11099,E00007
JB_ID11099,E00003
JB_ID11099,E00008
JB_ID11099,E00004
JB_ID11099,E00001
JB_ID11100,E00003
JB_ID11100,E00004
JB_ID11100,E00010
JB_ID11100,E00008
JB_ID11102,E00007
JB_ID11102,E00005
JB_ID11102,E00006
JB_ID11102,E00003
JB_ID11108,E00003
JB_ID11108,E00006
JB_ID11108,E00005
JB_ID11108,E00001
JB_ID11109,E00004
JB_ID11109,E00009
JB_ID11109,E00007
JB_ID11109,E00006
JB_ID11109,E00003
JB_ID11121,E00002
JB_ID11121,E00010
JB_ID11121,E00009
JB_ID11126,E00010
JB_ID11126,E00004
JB_ID11140,E00001
JB_ID11140,E00010
JB_ID11140,E00006
JB_ID11140,E00008
JB_ID11164,E00009
JB_ID11164,E00010
JB_ID11164,E00003
JB_ID11164,E00007
JB_ID11177,E00001
JB_ID11177,E00007
JB_ID11177,E00005
JB_ID11199,E00004
JB_ID11199,E00002
JB_ID11210,E00004
JB_ID11210,E00008
JB_ID11217,E00007
JB_ID11217,E00008
JB_ID11217,E00006
JB_ID11220,E00001
JB_ID11220,E00004
JB_ID11220,E00008
JB_ID11220,E00006
JB_ID11228,E00005
JB_ID11228,E00001
JB_ID11228,E00004
JB_ID11230,E00006
JB_ID11230,E00004
JB_ID11230,E00005
JB_ID11230,E00007
JB_ID11240,E00004
JB_ID11240,E00002
JB_ID11247,E00009
JB_ID11247,E00008
JB_ID11247,E00004
JB_ID11247,E00010
JB_ID11247,E00001
JB_ID11262,E00007
JB_ID11262,E00010
JB_ID11262,E00004
JB_ID11268,E00008
JB_ID11280,E00010
JB_ID11280,E00005
JB_ID11282,E00010
JB_ID11284,E00010
JB_ID11284,E00003
JB_ID11290,E00005
JB_ID11290,E00008
JB_ID11290,E00006
JB_ID11290,E00010
JB_ID11293,E00003
JB_ID11293,E00007
JB_ID11293,E00002
JB_ID11300,E00003
JB_ID11300,E00008
JB_ID11300,E00001
JB_ID11300,E00002
JB_ID11300,E00006
JB_ID11300,E00005
JB_ID11302,E00004
JB_ID11302,E00007
JB_ID11302,E00008
JB_ID11302,E00010
JB_ID11302,E00003
JB_ID11302,E00001
JB_ID11307,E00009
JB_ID11307,E00008
JB_ID11307,E00005
JB_ID11307,E00006
JB_ID11307,E00001
JB_ID11311,E00001
JB_ID11311,E00002
JB_ID11311,E00003
JB_ID11311,E00007
JB_ID11311,E00010
JB_ID11311,E00008
JB_ID11321,E00005
JB_ID11321,E00002
JB_ID11324,E00001
JB_ID11324,E00007
JB_ID11324,E00006
JB_ID11324,E00005
JB_ID11324,E00002
JB_ID11326,E00010
JB_ID11326,E00009
JB_ID11326,E00007
JB_ID11334,E00006
JB_ID11334,E00002
JB_ID11349,E00003
JB_ID11349,E00006
JB_ID11349,E00001
JB_ID11349,E00007
JB_ID11354,E00007
JB_ID11354,E00005
JB_ID11354,E00010
JB_ID11369,E00003
JB_ID11379,E00007
JB_ID11379,E00005
JB_ID11386,E00007
JB_ID11386,E00010
JB_ID11386,E00002
JB_ID11386,E00001
JB_ID11386,E00005
JB_ID11388,E00005
JB_ID11388,E00004
JB_ID11388,E00002
JB_ID11388,E00006
JB_ID11396,E00010
JB_ID11396,E00004
JB_ID11396,E00003
JB_ID11396,E00007
JB_ID11396,E00001
JB_ID11396,E00006
JB_ID11396,E00009
JB_ID11400,E00008
JB_ID11400,E00009
JB_ID11400,E00004
JB_ID11400,E00006
JB_ID11400,E00007
JB_ID11402,E00001
JB_ID11402,E00009
JB_ID11402,E00003
JB_ID11402,E00005
JB_ID11404,E00002
JB_ID11417,E00001
JB_ID11418,E00002
JB_ID11418,E00007
JB_ID11418,E00006
JB_ID11429,E00007
JB_ID11429,E00003
JB_ID11429,E00009
JB_ID11429,E00008
JB_ID11440,E00008
JB_ID11440,E00004
JB_ID11440,E00010
JB_ID11440,E00003
JB_ID11449,E00009
JB_ID11449,E00008
JB_ID11449,E00001
JB_ID11449,E00005
JB_ID11470,E00002
JB_ID11479,E00003
JB_ID11479,E00004
JB_ID11479,E00009
JB_ID11479,E00005
JB_ID11479,E00002
JB_ID11483,E00009
JB_ID11483,E00003
JB_ID11483,E00005
JB_ID11483,E00008
JB_ID11486,E00007
JB_ID11486,E00004
JB_ID11488,E00010
JB_ID11488,E00005
JB_ID11488,E00002
JB_ID11488,E00008
JB_ID11499,E00001
JB_ID11499,E00009
JB_ID10023,E00009
JB_ID10025,E00010
JB_ID10025,E00007
JB_ID10025,E00004
JB_ID10025,E00006
JB_ID10025,E00009
JB_ID10025,E00008
JB_ID10034,E00004
JB_ID10034,E00001
JB_ID10038,E00010
JB_ID10038,E00005
JB_ID10038,E00007
JB_ID10038,E00008
JB_ID10048,E00008
JB_ID10048,E00001
JB_ID10048,E00005
JB_ID10048,E00007
JB_ID10048,E00003
JB_ID10050,E00009
JB_ID10050,E00007
JB_ID10053,E00010
JB_ID10053,E00004
JB_ID10053,E00001
JB_ID10053,E00002
JB_ID10055,E00006
JB_ID10055,E00009
JB_ID10055,E00010
JB_ID10134,E00004
JB_ID10134,E00005
JB_ID10134,E00007
JB_ID10134,E00010
JB_ID10134,E00001
JB_ID10155,E00003
JB_ID10161,E00001
JB_ID10173,E00005
JB_ID10173,E00010
JB_ID10174,E00006
JB_ID10174,E00001
JB_ID10174,E00005
JB_ID10182,E00009
JB_ID10182,E00004
JB_ID10182,E00003
JB_ID10198,E00002
JB_ID10198,E00001
JB_ID10204,E00010
JB_ID10204,E00009
JB_ID10234,E00006
JB_ID10234,E00002
JB_ID10234,E00009
JB_ID10310,E00004
JB_ID10310,E00001
JB_ID10310,E00010
JB_ID10310,E00008
JB_ID10353,E00005
JB_ID10353,E00007
JB_ID10353,E00008
JB_ID10353,E00006
JB_ID10383,E00005
JB_ID10383,E00002
JB_ID10383,E00004
JB_ID10388,E00002
JB_ID10388,E00001
JB_ID10419,E00001
JB_ID10419,E00004
JB_ID10460,E00002
JB_ID10460,E00009
JB_ID10460,E00008
JB_ID10472,E00009
JB_ID10472,E00003
JB_ID10472,E00004
JB_ID10472,E00005
JB_ID10472,E00010
JB_ID10476,E00004
JB_ID10476,E00003
JB_ID10476,E00006
JB_ID10476,E00005
JB_ID10476,E00009
JB_ID10484,E00010
JB_ID10484,E00001
JB_ID10484,E00006
JB_ID10502,E00002
JB_ID10502,E00005
JB_ID10502,E00001
JB_ID10511,E00005
JB_ID10511,E00003
JB_ID10511,E00007
JB_ID10511,E00009
JB_ID10511,E00001
JB_ID10518,E00001
JB_ID10518,E00007
JB_ID10518,E00009
JB_ID10518,E00006
JB_ID10518,E00005
JB_ID10542,E00007
JB_ID10542,E00006
JB_ID10542,E00001
JB_ID10566,E00004
JB_ID10566,E00006
JB_ID10575,E00003
JB_ID10575,E00010
JB_ID10575,E00009
JB_ID10575,E00004
JB_ID10575,E00007
JB_ID10579,E00006
JB_ID10579,E00010
JB_ID10579,E00001
JB_ID10579,E00003
JB_ID10579,E00008
JB_ID10593,E00008
JB_ID10593,E00007
JB_ID10593,E00004
JB_ID10593,E00005
JB_ID10596,E00010
JB_ID10596,E00005
JB_ID10596,E00009
JB_ID10596,E00001
JB_ID10601,E00004
JB_ID10601,E00002
JB_ID10601,E00001
JB_ID10629,E00006
JB_ID10629,E00001
JB_ID10629,E00002
JB_ID10634,E00009
JB_ID10663,E00008
JB_ID10663,E00009
JB_ID10663,E00006
JB_ID10663,E00002
JB_ID10663,E00001
JB_ID10663,E00007
JB_ID10703,E00005
JB_ID10703,E00010
JB_ID10703,E00006
JB_ID10703,E00001
JB_ID10703,E00003
JB_ID10703,E00004
JB_ID10726,E00006
JB_ID10726,E00002
JB_ID10726,E00009
JB_ID10726,E00001
JB_ID10726,E00005
JB_ID10726,E00003
JB_ID10748,E00008
JB_ID10748,E00003
JB_ID10748,E00009
JB_ID10760,E00008
JB_ID10760,E00003
JB_ID10760,E00005
JB_ID10760,E00009
JB_ID10760,E00004
JB_ID10783,E00001
JB_ID10783,E00007
JB_ID10783,E00008
JB_ID10783,E00003
JB_ID10783,E00005
JB_ID10788,E00008
JB_ID10799,E00002
JB_ID10841,E00002
JB_ID10841,E00003
JB_ID10841,E00005
JB_ID10844,E00004
JB_ID10844,E00010
JB_ID10853,E00001
JB_ID10853,E00005
JB_ID10853,E00002
JB_ID10853,E00006
JB_ID10853,E00007
JB_ID10888,E00002
JB_ID10888,E00008
JB_ID10891,E00010
JB_ID10891,E00002
JB_ID10898,E00009
JB_ID10903,E00001
JB_ID10903,E00010
JB_ID10903,E00004
JB_ID10903,E00005
JB_ID10903,E00009
JB_ID10928,E00007
JB_ID10928,E00004
JB_ID10973,E00008
JB_ID10973,E00002
JB_ID10973,E00004
JB_ID10973,E00005
JB_ID10981,E00010
JB_ID11031,E00001
JB_ID11031,E00004
JB_ID11031,E00006
JB_ID11046,E00004
JB_ID11046,E00003
JB_ID11046,E00001
JB_ID11052,E00007
JB_ID11053,E00007
JB_ID11053,E00002
JB_ID11053,E00010
JB_ID11053,E00008
JB_ID11068,E00010
JB_ID11069,E00009
JB_ID11069,E00004
JB_ID11069,E00008
JB_ID11070,E00002
JB_ID11070,E00007
JB_ID11070,E00008
JB_ID11078,E00007
JB_ID11078,E00010
JB_ID11078,E00002
JB_ID11119,E00003
JB_ID11119,E00005
JB_ID11119,E00007
JB_ID11119,E00001
JB_ID11119,E00008
JB_ID11119,E00006
JB_ID11130,E00009
JB_ID11130,E00001
JB_ID11130,E00002
JB_ID11135,E00010
JB_ID11135,E00003
JB_ID11135,E00005
JB_ID11135,E00004
JB_ID11135,E00009
JB_ID11149,E00007
JB_ID11158,E00010
JB_ID11158,E00006
JB_ID11158,E00004
JB_ID11158,E00001
JB_ID11180,E00006
JB_ID11180,E00008
JB_ID11180,E00001
JB_ID11180,E00010
JB_ID11180,E00003
JB_ID11190,E00009
JB_ID11190,E00004
JB_ID11190,E00010
JB_ID11190,E00005
JB_ID11190,E00008
JB_ID11204,E00010
JB_ID11204,E00001
JB_ID11204,E00002
JB_ID11239,E00005
JB_ID11239,E00001
JB_ID11239,E00007
JB_ID11246,E00009
JB_ID11246,E00006
JB_ID11281,E00007
JB_ID11281,E00010
JB_ID11281,E00002
JB_ID11281,E00009
JB_ID11281,E00004
JB_ID11289,E00009
JB_ID11289,E00008
JB_ID11289,E00004
JB_ID11289,E00007
JB_ID11289,E00002
JB_ID11298,E00001
JB_ID11336,E00005
JB_ID11336,E00010
JB_ID11336,E00003
JB_ID11395,E00005
JB_ID11395,E00001
JB_ID11395,E00003
JB_ID11430,E00001
JB_ID11430,E00007
JB_ID11430,E00009
JB_ID11430,E00003
JB_ID11430,E00004
JB_ID11430,E00008
JB_ID11430,E00005
JB_ID11459,E00002
JB_ID11466,E00003
JB_ID10013,E00010
JB_ID10013,E00006
JB_ID10013,E00002
JB_ID10018,E00009
JB_ID10018,E00001
JB_ID10029,E00004
JB_ID10029,E00008
JB_ID10029,E00010
JB_ID10041,E00007
JB_ID10066,E00005
JB_ID10066,E00001
JB_ID10066,E00003
JB_ID10074,E00004
JB_ID10074,E00010
JB_ID10074,E00001
JB_ID10074,E00008
JB_ID10074,E00007
JB_ID10085,E00002
JB_ID10085,E00010
JB_ID10085,E00007
JB_ID10097,E00006
JB_ID10097,E00003
JB_ID10099,E00005
JB_ID10099,E00010
JB_ID10099,E00007
JB_ID10099,E00009
JB_ID10099,E00008
JB_ID10099,E00006
JB_ID10099,E00002
JB_ID10100,E00002
JB_ID10100,E00007
JB_ID10100,E00004
JB_ID10100,E00006
JB_ID10100,E00008
JB_ID10100,E00005
JB_ID10104,E00002
JB_ID10104,E00006
JB_ID10107,E00010
JB_ID10144,E00002
JB_ID10144,E00004
JB_ID10144,E00007
JB_ID10151,E00002
JB_ID10151,E00010
JB_ID10151,E00004
JB_ID10151,E00005
JB_ID10151,E00006
JB_ID10160,E00005
JB_ID10160,E00010
JB_ID10160,E00008
JB_ID10169,E00005
JB_ID10169,E00004
JB_ID10169,E00010
JB_ID10169,E00001
JB_ID10178,E00010
JB_ID10178,E00008
JB_ID10178,E00007
JB_ID10178,E00009
JB_ID10181,E00007
JB_ID10186,E00004
JB_ID10186,E00010
JB_ID10186,E00009
JB_ID10186,E00006
JB_ID10189,E00003
JB_ID10189,E00002
JB_ID10189,E00010
JB_ID10189,E00005
JB_ID10194,E00005
JB_ID10194,E00004
JB_ID10205,E00003
JB_ID10205,E00008
JB_ID10205,E00007
JB_ID10205,E00010
JB_ID10208,E00008
JB_ID10208,E00006
JB_ID10208,E00009
JB_ID10208,E00010
JB_ID10219,E00006
JB_ID10219,E00002
JB_ID10226,E00007
JB_ID10226,E00003
JB_ID10226,E00010
JB_ID10226,E00006
JB_ID10226,E00005
JB_ID10226,E00008
JB_ID10235,E00009
JB_ID10235,E00006
JB_ID10235,E00003
JB_ID10235,E00004
JB_ID10243,E00007
JB_ID10243,E00001
JB_ID10250,E00009
JB_ID10250,E00001
JB_ID10250,E00010
JB_ID10251,E00003
JB_ID10251,E00007
JB_ID10277,E00003
JB_ID10277,E00002
JB_ID10277,E00005
JB_ID10277,E00008
JB_ID10293,E00005
JB_ID10319,E00007
JB_ID10319,E00002
JB_ID10319,E00010
JB_ID10319,E00003
JB_ID10319,E00008
JB_ID10320,E00005
JB_ID10320,E00002
JB_ID10320,E00009
JB_ID10320,E00004
JB_ID10330,E00001
JB_ID10330,E00003
JB_ID10330,E00007
JB_ID10330,E00006
JB_ID10335,E00010
JB_ID10335,E00007
JB_ID10335,E00008
JB_ID10335,E00009
JB_ID10335,E00004
JB_ID10340,E00006
JB_ID10341,E00009
JB_ID10341,E00004
JB_ID10341,E00008
JB_ID10346,E00005
JB_ID10346,E00004
JB_ID10346,E00006
JB_ID10354,E00006
JB_ID10354,E00001
JB_ID10354,E00009
JB_ID10354,E00003
JB_ID10354,E00002
JB_ID10354,E00007
JB_ID10358,E00009
JB_ID10358,E00008
JB_ID10358,E00007
JB_ID10369,E00009
JB_ID10382,E00003
JB_ID10382,E00002
JB_ID10382,E00008
JB_ID10413,E00007
JB_ID10413,E00003
JB_ID10413,E00005
JB_ID10413,E00010
JB_ID10413,E00002
JB_ID10432,E00009
JB_ID10432,E00001
JB_ID10432,E00010
JB_ID10432,E00002
JB_ID10432,E00004
JB_ID10432,E00003
JB_ID10435,E00010
JB_ID10435,E00007
JB_ID10435,E00008
JB_ID10435,E00006
JB_ID10451,E00007
JB_ID10451,E00003
JB_ID10451,E00001
JB_ID10457,E00009
JB_ID10457,E00007
JB_ID10457,E00004
JB_ID10458,E00002
JB_ID10458,E00004
JB_ID10458,E00010
JB_ID10458,E00003
JB_ID10458,E00009
JB_ID10464,E00009
JB_ID10464,E00004
JB_ID10480,E00007
JB_ID10480,E00001
JB_ID10480,E00008
JB_ID10480,E00005
JB_ID10480,E00010
JB_ID10482,E00001
JB_ID10482,E00006
JB_ID10482,E00010
JB_ID10482,E00004
JB_ID10482,E00007
JB_ID10489,E00003
JB_ID10489,E00002
JB_ID10489,E00001
JB_ID10490,E00002
JB_ID10490,E00007
JB_ID10490,E00001
JB_ID10496,E00004
JB_ID10496,E00007
JB_ID10501,E00001
JB_ID10501,E00010
JB_ID10501,E00004
JB_ID10501,E00009
JB_ID10508,E00002
JB_ID10521,E00006
JB_ID10521,E00003
JB_ID10521,E00007
JB_ID10526,E00002
JB_ID10526,E00003
JB_ID10526,E00010
JB_ID10539,E00001
JB_ID10539,E00007
JB_ID10539,E00008
JB_ID10543,E00009
JB_ID10543,E00006
JB_ID10543,E00001
JB_ID10543,E00003
JB_ID10547,E00007
JB_ID10552,E00009
JB_ID10552,E00010
JB_ID10552,E00006
JB_ID10552,E00003
JB_ID10557,E00004
JB_ID10557,E00008
JB_ID10557,E00010
JB_ID10557,E00005
JB_ID10578,E00010
JB_ID10578,E00003
JB_ID10578,E00008
JB_ID10578,E00004
JB_ID10580,E00001
JB_ID10580,E00004
JB_ID10580,E00010
JB_ID10589,E00004
JB_ID10589,E00005
JB_ID10589,E00001
JB_ID10589,E00008
JB_ID10594,E00005
JB_ID10603,E00005
JB_ID10603,E00004
JB_ID10603,E00001
JB_ID10603,E00010
JB_ID10603,E00009
JB_ID10608,E00007
JB_ID10608,E00004
JB_ID10608,E00001
JB_ID10617,E00005
JB_ID10617,E00004
JB_ID10617,E00003
JB_ID10617,E00006
JB_ID10617,E00001
JB_ID10617,E00008
JB_ID10623,E00003
JB_ID10623,E00005
JB_ID10623,E00002
JB_ID10623,E00007
JB_ID10623,E00009
JB_ID10625,E00010
JB_ID10626,E00010
JB_ID10626,E00003
JB_ID10635,E00010
JB_ID10635,E00008
JB_ID10635,E00004
JB_ID10635,E00003
JB_ID10635,E00002
JB_ID10650,E00006
JB_ID10650,E00005
JB_ID10650,E00007
JB_ID10650,E00004
JB_ID10650,E00008
JB_ID10653,E00002
JB_ID10653,E00005
JB_ID10653,E00003
JB_ID10656,E00004
JB_ID10656,E00005
JB_ID10656,E00008
JB_ID10656,E00002
JB_ID10667,E00009
JB_ID10667,E00006
JB_ID10670,E00003
JB_ID10670,E00009
JB_ID10670,E00008
JB_ID10677,E00006
JB_ID10677,E00002
JB_ID10677,E00005
JB_ID10686,E00008
JB_ID10695,E00004
JB_ID10695,E00007
JB_ID10695,E00010
JB_ID10701,E00001
JB_ID10701,E00005
JB_ID10701,E00002
JB_ID10701,E00006
JB_ID10704,E00005
JB_ID10704,E00009
JB_ID10704,E00007
JB_ID10704,E00004
JB_ID10704,E00003
JB_ID10725,E00005
JB_ID10725,E00002
JB_ID10741,E00010
JB_ID10745,E00004
JB_ID10771,E00006
JB_ID10773,E00001
JB_ID10773,E00005
JB_ID10773,E00010
JB_ID10773,E00009
JB_ID10785,E00005
JB_ID10785,E00010
JB_ID10791,E00004
JB_ID10791,E00005
JB_ID10793,E00009
JB_ID10793,E00007
JB_ID10793,E00008
JB_ID10793,E00010
JB_ID10811,E00008
JB_ID10816,E00005
JB_ID10816,E00004
JB_ID10816,E00002
JB_ID10816,E00001
JB_ID10816,E00010
JB_ID10836,E00006
JB_ID10836,E00005
JB_ID10836,E00003
JB_ID10855,E00002
JB_ID10855,E00003
JB_ID10855,E00007
JB_ID10855,E00006
JB_ID10855,E00010
JB_ID10855,E00001
JB_ID10863,E00004
JB_ID10873,E00002
JB_ID10873,E00010
JB_ID10873,E00007
JB_ID10873,E00009
JB_ID10873,E00001
JB_ID10873,E00004
JB_ID10881,E00007
JB_ID10881,E00008
JB_ID10881,E00009
JB_ID10881,E00006
JB_ID10914,E00009
JB_ID10914,E00006
JB_ID10914,E00007
JB_ID10914,E00008
JB_ID10920,E00010
JB_ID10929,E00003
JB_ID10929,E00010
JB_ID10929,E00005
JB_ID10929,E00001
JB_ID10929,E00007
JB_ID10929,E00002
JB_ID10936,E00007
JB_ID10936,E00008
JB_ID10936,E00006
JB_ID10936,E00002
JB_ID10944,E00008
JB_ID10944,E00005
JB_ID10944,E00003
JB_ID10948,E00001
JB_ID10948,E00005
JB_ID10948,E00006
JB_ID10952,E00008
JB_ID10952,E00007
JB_ID10952,E00009
JB_ID10958,E00010
JB_ID10958,E00008
JB_ID10958,E00004
JB_ID10962,E00002
JB_ID10962,E00001
JB_ID10962,E00008
JB_ID10962,E00004
JB_ID10962,E00003
JB_ID10963,E00006
JB_ID10963,E00003
JB_ID10963,E00002
JB_ID10963,E00005
JB_ID10963,E00001
JB_ID10963,E00008
JB_ID10963,E00010
JB_ID10964,E00009
JB_ID10964,E00002
JB_ID10964,E00008
JB_ID10968,E00006
JB_ID10968,E00004
JB_ID10968,E00001
JB_ID10980,E00004
JB_ID10980,E00007
JB_ID10980,E00001
JB_ID10980,E00009
JB_ID10995,E00003
JB_ID10995,E00010
JB_ID10995,E00004
JB_ID10995,E00001
JB_ID10995,E00006
JB_ID11012,E00008
JB_ID11012,E00006
JB_ID11012,E00010
JB_ID11024,E00009
JB_ID11024,E00010
JB_ID11024,E00007
JB_ID11024,E00002
JB_ID11024,E00006
JB_ID11024,E00005
JB_ID11054,E00007
JB_ID11054,E00006
JB_ID11054,E00010
JB_ID11054,E00002
JB_ID11060,E00006
JB_ID11060,E00002
JB_ID11060,E00001
JB_ID11079,E00008
JB_ID11079,E00004
JB_ID11079,E00005
JB_ID11101,E00003
JB_ID11101,E00004
JB_ID11101,E00007
JB_ID11101,E00010
JB_ID11101,E00001
JB_ID11106,E00001
JB_ID11106,E00006
JB_ID11106,E00002
JB_ID11106,E00008
JB_ID11106,E00010
JB_ID11120,E00008
JB_ID11120,E00004
JB_ID11120,E00001
JB_ID11120,E00002
JB_ID11142,E00007
JB_ID11148,E00001
JB_ID11148,E00002
JB_ID11150,E00007
JB_ID11150,E00004
JB_ID11166,E00001
JB_ID11166,E00010
JB_ID11171,E00003
JB_ID11171,E00002
JB_ID11171,E00009
JB_ID11189,E00005
JB_ID11189,E00003
JB_ID11189,E00007
JB_ID11189,E00008
JB_ID11189,E00006
JB_ID11191,E00004
JB_ID11191,E00009
JB_ID11191,E00003
JB_ID11191,E00007
JB_ID11191,E00005
JB_ID11196,E00008
JB_ID11196,E00004
JB_ID11196,E00007
JB_ID11197,E00010
JB_ID11197,E00002
JB_ID11197,E00005
JB_ID11197,E00006
JB_ID11202,E00007
JB_ID11202,E00004
JB_ID11202,E00005
JB_ID11203,E00002
JB_ID11203,E00005
JB_ID11205,E00004
JB_ID11205,E00003
JB_ID11205,E00006
JB_ID11205,E00008
JB_ID11206,E00008
JB_ID11206,E00001
JB_ID11206,E00002
JB_ID11214,E00002
JB_ID11214,E00001
JB_ID11214,E00007
JB_ID11214,E00008
JB_ID11214,E00006
JB_ID11214,E00005
JB_ID11222,E00004
JB_ID11222,E00001
JB_ID11233,E00004
JB_ID11233,E00008
JB_ID11237,E00007
JB_ID11237,E00009
JB_ID11254,E00008
JB_ID11263,E00004
JB_ID11266,E00010
JB_ID11266,E00001
JB_ID11266,E00007
JB_ID11283,E00001
JB_ID11283,E00006
JB_ID11283,E00002
JB_ID11333,E00008
JB_ID11333,E00009
JB_ID11333,E00003
JB_ID11333,E00001
JB_ID11345,E00009
JB_ID11345,E00004
JB_ID11348,E00003
JB_ID11348,E00004
JB_ID11348,E00007
JB_ID11348,E00002
JB_ID11352,E00003
JB_ID11352,E00001
JB_ID11352,E00005
JB_ID11352,E00010
JB_ID11352,E00002
JB_ID11356,E00002
JB_ID11356,E00003
JB_ID11356,E00004
JB_ID11356,E00005
JB_ID11356,E00008
JB_ID11357,E00001
JB_ID11357,E00004
JB_ID11357,E00010
JB_ID11357,E00006
JB_ID11357,E00003
JB_ID11358,E00001
JB_ID11358,E00009
JB_ID11358,E00004
JB_ID11358,E00010
JB_ID11365,E00008
JB_ID11365,E00004
JB_ID11365,E00005
JB_ID11374,E00007
JB_ID11374,E00003
JB_ID11374,E00008
JB_ID11374,E00002
JB_ID11382,E00007
JB_ID11390,E00002
JB_ID11390,E00003
JB_ID11390,E00001
JB_ID11390,E00006
JB_ID11390,E00010
JB_ID11394,E00006
JB_ID11394,E00002
JB_ID11394,E00008
JB_ID11394,E00003
JB_ID11394,E00010
JB_ID11411,E00002
JB_ID11411,E00007
JB_ID11411,E00004
JB_ID11411,E00010
JB_ID11411,E00009
JB_ID11411,E00005
JB_ID11414,E00010
JB_ID11425,E00009
JB_ID11425,E00008
JB_ID11425,E00004
JB_ID11425,E00006
JB_ID11433,E00004
JB_ID11437,E00008
JB_ID11437,E00006
JB_ID11437,E00002
JB_ID11446,E00008
JB_ID11446,E00009
JB_ID11446,E00002
JB_ID11446,E00007
JB_ID11448,E00009
JB_ID11448,E00005
JB_ID11448,E00006
JB_ID11448,E00002
JB_ID11474,E00007
JB_ID11474,E00010
JB_ID11474,E00008
JB_ID11474,E00006
JB_ID11474,E00002
JB_ID11474,E00003
JB_ID11480,E00003
JB_ID11480,E00005
JB_ID11480,E00007
JB_ID10001,E00007
JB_ID10001,E00001
JB_ID10002,E00001
JB_ID10019,E00005
JB_ID10069,E00005
JB_ID10069,E00006
JB_ID10069,E00003
JB_ID10082,E00007
JB_ID10082,E00001
JB_ID10101,E00008
JB_ID10126,E00004
JB_ID10126,E00007
JB_ID10126,E00008
JB_ID10126,E00005
JB_ID10126,E00002
JB_ID10128,E00008
JB_ID10128,E00004
JB_ID10128,E00005
JB_ID10159,E00002
JB_ID10159,E00010
JB_ID10159,E00007
JB_ID10159,E00009
JB_ID10159,E00001
JB_ID10159,E00006
JB_ID10163,E00010
JB_ID10227,E00008
JB_ID10227,E00004
JB_ID10227,E00002
JB_ID10228,E00007
JB_ID10228,E00006
JB_ID10228,E00009
JB_ID10228,E00003
JB_ID10255,E00001
JB_ID10255,E00007
JB_ID10267,E00002
JB_ID10267,E00001
JB_ID10267,E00008
JB_ID10267,E00005
JB_ID10289,E00003
JB_ID10289,E00001
JB_ID10289,E00010
JB_ID10289,E00002
JB_ID10295,E00008
JB_ID10295,E00007
JB_ID10299,E00009
JB_ID10299,E00002
JB_ID10299,E00005
JB_ID10299,E00010
JB_ID10299,E00001
JB_ID10311,E00006
JB_ID10311,E00008
JB_ID10311,E00010
JB_ID10311,E00004
JB_ID10311,E00009
JB_ID10334,E00009
JB_ID10334,E00005
JB_ID10334,E00001
JB_ID10349,E00008
JB_ID10349,E00010
JB_ID10349,E00004
JB_ID10349,E00003
JB_ID10349,E00002
JB_ID10403,E00008
JB_ID10403,E00009
JB_ID10403,E00005
JB_ID10403,E00006
JB_ID10403,E00002
JB_ID10403,E00010
JB_ID10403,E00007
JB_ID10407,E00006
JB_ID10453,E00008
JB_ID10453,E00007
JB_ID10453,E00010
JB_ID10453,E00004
JB_ID10453,E00002
JB_ID10516,E00007
JB_ID10516,E00008
JB_ID10554,E00003
JB_ID10554,E00006
JB_ID10554,E00009
JB_ID10554,E00010
JB_ID10590,E00002
JB_ID10590,E00005
JB_ID10590,E00009
JB_ID10590,E00010
JB_ID10604,E00010
JB_ID10604,E00008
JB_ID10604,E00003
JB_ID10605,E00006
JB_ID10605,E00004
JB_ID10605,E00001
JB_ID10605,E00009
JB_ID10605,E00002
JB_ID10609,E00003
JB_ID10609,E00010
JB_ID10609,E00002
JB_ID10612,E00004
JB_ID10612,E00001
JB_ID10639,E00010
JB_ID10639,E00005
JB_ID10641,E00001
JB_ID10641,E00004
JB_ID10641,E00003
JB_ID10661,E00010
JB_ID10661,E00007
JB_ID10661,E00001
JB_ID10661,E00004
JB_ID10709,E00008
JB_ID10709,E00004
JB_ID10710,E00005
JB_ID10710,E00003
JB_ID10710,E00001
JB_ID10786,E00009
JB_ID10787,E00007
JB_ID10787,E00008
JB_ID10787,E00005
JB_ID10787,E00001
JB_ID10787,E00009
JB_ID10787,E00003
JB_ID10800,E00001
JB_ID10800,E00007
JB_ID10812,E00009
JB_ID10812,E00008
JB_ID10812,E00001
JB_ID10812,E00010
JB_ID10812,E00002
JB_ID10812,E00003
JB_ID10832,E00004
JB_ID10832,E00002
JB_ID10832,E00003
JB_ID10832,E00006
JB_ID10832,E00008
JB_ID10872,E00004
JB_ID10872,E00001
JB_ID10872,E00007
JB_ID10872,E00002
JB_ID10884,E00008
JB_ID10884,E00006
JB_ID10910,E00002
JB_ID10910,E00005
JB_ID10910,E00010
JB_ID10910,E00004
JB_ID10910,E00009
JB_ID10921,E00008
JB_ID10926,E00003
JB_ID10926,E00001
JB_ID10926,E00002
JB_ID10926,E00004
JB_ID10926,E00010
JB_ID10939,E00010
JB_ID10939,E00004
JB_ID10967,E00005
JB_ID10967,E00009
JB_ID10978,E00008
JB_ID11002,E00006
JB_ID11002,E00008
JB_ID11010,E00004
JB_ID11010,E00007
JB_ID11010,E00009
JB_ID11010,E00010
JB_ID11022,E00003
JB_ID11022,E00002
JB_ID11028,E00004
JB_ID11028,E00007
JB_ID11037,E00010
JB_ID11058,E00003
JB_ID11058,E00005
JB_ID11058,E00009
JB_ID11058,E00002
JB_ID11087,E00009
JB_ID11137,E00007
JB_ID11137,E00004
JB_ID11137,E00006
JB_ID11152,E00001
JB_ID11152,E00006
JB_ID11152,E00005
JB_ID11187,E00006
JB_ID11187,E00007
JB_ID11187,E00008
JB_ID11187,E00010
JB_ID11187,E00001
JB_ID11188,E00007
JB_ID11188,E00005
JB_ID11188,E00003
JB_ID11188,E00001
JB_ID11194,E00009
JB_ID11194,E00003
JB_ID11194,E00008
JB_ID11194,E00006
JB_ID11245,E00007
JB_ID11245,E00004
JB_ID11245,E00010
JB_ID11248,E00005
JB_ID11248,E00002
JB_ID11248,E00009
JB_ID11274,E00002
JB_ID11274,E00009
JB_ID11335,E00004
JB_ID11335,E00006
JB_ID11339,E00010
JB_ID11339,E00006
JB_ID11364,E00010
JB_ID11364,E00007
JB_ID11364,E00008
JB_ID11364,E00002
JB_ID11364,E00001
JB_ID11364,E00009
JB_ID11366,E00004
JB_ID11366,E00006
JB_ID11366,E00005
JB_ID11385,E00002
JB_ID11385,E00004
JB_ID11406,E00001
JB_ID11406,E00005
JB_ID11406,E00003
JB_ID11406,E00007
JB_ID11412,E00010
JB_ID11412,E00004
JB_ID11412,E00003
JB_ID11412,E00008
JB_ID11412,E00005
JB_ID11412,E00006
JB_ID11412,E00009
JB_ID11435,E00003
JB_ID11435,E00001
JB_ID11435,E00002
JB_ID11435,E00004
JB_ID11435,E00009
JB_ID11435,E00010
JB_ID11447,E00001
JB_ID11447,E00006
JB_ID11447,E00008
JB_ID11447,E00010
JB_ID11447,E00007
JB_ID11447,E00009
JB_ID11454,E00001
JB_ID11473,E00008
JB_ID11473,E00002
JB_ID11473,E00009
JB_ID11473,E00004
JB_ID11473,E00010
JB_ID10005,E00008
JB_ID10005,E00003
JB_ID10005,E00005
JB_ID10005,E00001
JB_ID10005,E00004
JB_ID10005,E00002
JB_ID10020,E00005
JB_ID10020,E00006
JB_ID10020,E00010
JB_ID10020,E00003
JB_ID10022,E00005
JB_ID10022,E00006
JB_ID10031,E00007
JB_ID10031,E00005
JB_ID10031,E00010
JB_ID10035,E00005
JB_ID10035,E00007
JB_ID10035,E00010
JB_ID10042,E00008
JB_ID10042,E00007
JB_ID10042,E00006
JB_ID10057,E00006
JB_ID10057,E00007
JB_ID10057,E00001
JB_ID10057,E00008
JB_ID10060,E00006
JB_ID10060,E00010
JB_ID10060,E00001
JB_ID10060,E00004
JB_ID10060,E00003
JB_ID10060,E00002
JB_ID10063,E00004
JB_ID10063,E00007
JB_ID10063,E00010
JB_ID10065,E00003
JB_ID10065,E00009
JB_ID10065,E00004
JB_ID10065,E00001
JB_ID10068,E00005
JB_ID10068,E00007
JB_ID10068,E00003
JB_ID10068,E00002
JB_ID10077,E00010
JB_ID10077,E00002
JB_ID10077,E00001
JB_ID10080,E00010
JB_ID10080,E00003
JB_ID10092,E00004
JB_ID10115,E00005
JB_ID10115,E00002
JB_ID10115,E00009
JB_ID10115,E00010
JB_ID10116,E00009
JB_ID10124,E00004
JB_ID10124,E00001
JB_ID10124,E00006
JB_ID10124,E00010
JB_ID10125,E00002
JB_ID10127,E00004
JB_ID10127,E00009
JB_ID10127,E00007
JB_ID10127,E00001
JB_ID10127,E00010
JB_ID10127,E00003
JB_ID10146,E00003
JB_ID10146,E00009
JB_ID10146,E00008
JB_ID10156,E00007
JB_ID10156,E00009
JB_ID10156,E00003
JB_ID10156,E00010
JB_ID10156,E00005
JB_ID10167,E00001
JB_ID10167,E00009
JB_ID10176,E00005
JB_ID10176,E00003
JB_ID10176,E00002
JB_ID10176,E00006
JB_ID10176,E00008
JB_ID10176,E00010
JB_ID10180,E00010
JB_ID10180,E00001
JB_ID10180,E00002
JB_ID10180,E00004
JB_ID10180,E00005
JB_ID10180,E00003
JB_ID10180,E00009
JB_ID10184,E00009
JB_ID10184,E00001
JB_ID10184,E00007
JB_ID10184,E00005
JB_ID10184,E00003
JB_ID10191,E00001
JB_ID10193,E00010
JB_ID10193,E00001
JB_ID10193,E00009
JB_ID10195,E00008
JB_ID10195,E00005
JB_ID10195,E00004
JB_ID10203,E00002
JB_ID10203,E00007
JB_ID10203,E00001
JB_ID10203,E00003
JB_ID10203,E00004
JB_ID10203,E00009
JB_ID10203,E00006
JB_ID10222,E00002
JB_ID10222,E00007
JB_ID10222,E00004
JB_ID10222,E00001
JB_ID10231,E00005
JB_ID10232,E00010
JB_ID10232,E00001
JB_ID10232,E00006
JB_ID10236,E00005
JB_ID10236,E00010
JB_ID10237,E00002
JB_ID10237,E00001
JB_ID10237,E00009
JB_ID10237,E00008
JB_ID10245,E00009
JB_ID10254,E00009
JB_ID10254,E00010
JB_ID10254,E00006
JB_ID10254,E00005
JB_ID10254,E00001
JB_ID10257,E00009
JB_ID10257,E00002
JB_ID10257,E00005
JB_ID10257,E00004
JB_ID10257,E00007
JB_ID10257,E00006
JB_ID10257,E00001
JB_ID10261,E00002
JB_ID10261,E00007
JB_ID10261,E00008
JB_ID10261,E00010
JB_ID10262,E00007
JB_ID10262,E00006
JB_ID10262,E00010
JB_ID10262,E00003
JB_ID10262,E00008
JB_ID10262,E00002
JB_ID10269,E00010
JB_ID10269,E00001
JB_ID10269,E00004
JB_ID10269,E00002
JB_ID10269,E00008
JB_ID10271,E00005
JB_ID10271,E00010
JB_ID10271,E00006
JB_ID10291,E00010
JB_ID10291,E00001
JB_ID10291,E00006
JB_ID10291,E00003
JB_ID10307,E00006
JB_ID10307,E00008
JB_ID10307,E00002
JB_ID10308,E00004
JB_ID10308,E00001
JB_ID10308,E00007
JB_ID10308,E00010
JB_ID10316,E00005
JB_ID10316,E00003
JB_ID10316,E00001
JB_ID10326,E00010
JB_ID10326,E00006
JB_ID10326,E00009
JB_ID10326,E00004
JB_ID10326,E00001
JB_ID10326,E00003
JB_ID10365,E00005
JB_ID10365,E00004
JB_ID10392,E00010
JB_ID10392,E00009
JB_ID10397,E00007
JB_ID10397,E00002
JB_ID10397,E00004
JB_ID10397,E00010
JB_ID10397,E00003
JB_ID10397,E00008
JB_ID10404,E00008
JB_ID10404,E00001
JB_ID10404,E00002
JB_ID10411,E00002
JB_ID10411,E00004
JB_ID10411,E00006
JB_ID10423,E00010
JB_ID10423,E00003
JB_ID10424,E00004
JB_ID10424,E00010
JB_ID10424,E00009
JB_ID10424,E00008
JB_ID10424,E00006
JB_ID10434,E00005
JB_ID10434,E00008
JB_ID10434,E00010
JB_ID10434,E00004
JB_ID10442,E00006
JB_ID10442,E00009
JB_ID10442,E00005
JB_ID10442,E00010
JB_ID10444,E00006
JB_ID10444,E00001
JB_ID10465,E00005
JB_ID10471,E00004
JB_ID10471,E00005
JB_ID10471,E00008
JB_ID10471,E00009
JB_ID10478,E00008
JB_ID10478,E00006
JB_ID10478,E00004
JB_ID10519,E00003
JB_ID10519,E00007
JB_ID10519,E00010
JB_ID10519,E00001
JB_ID10519,E00005
JB_ID10532,E00009
JB_ID10532,E00001
JB_ID10532,E00004
JB_ID10532,E00003
JB_ID10532,E00008
JB_ID10532,E00005
JB_ID10545,E00008
JB_ID10545,E00006
JB_ID10545,E00003
JB_ID10560,E00007
JB_ID10560,E00001
JB_ID10560,E00009
JB_ID10560,E00002
JB_ID10560,E00005
JB_ID10560,E00010
JB_ID10565,E00003
JB_ID10565,E00006
JB_ID10565,E00008
JB_ID10567,E00009
JB_ID10567,E00005
JB_ID10567,E00002
JB_ID10567,E00010
JB_ID10583,E00002
JB_ID10583,E00008
JB_ID10583,E00005
JB_ID10585,E00006
JB_ID10585,E00001
JB_ID10585,E00005
JB_ID10585,E00010
JB_ID10586,E00001
JB_ID10586,E00010
JB_ID10586,E00009
JB_ID10586,E00006
JB_ID10586,E00007
JB_ID10586,E00003
JB_ID10586,E00004
JB_ID10599,E00009
JB_ID10620,E00002
JB_ID10620,E00007
JB_ID10620,E00004
JB_ID10620,E00009
JB_ID10621,E00004
JB_ID10621,E00009
JB_ID10621,E00006
JB_ID10624,E00005
JB_ID10624,E00007
JB_ID10624,E00001
JB_ID10624,E00002
JB_ID10630,E00003
JB_ID10665,E00006
JB_ID10665,E00009
JB_ID10665,E00007
JB_ID10665,E00005
JB_ID10679,E00001
JB_ID10679,E00008
JB_ID10680,E00007
JB_ID10680,E00006
JB_ID10680,E00009
JB_ID10680,E00010
JB_ID10681,E00009
JB_ID10681,E00005
JB_ID10699,E00003
JB_ID10699,E00005
JB_ID10699,E00001
JB_ID10711,E00003
JB_ID10711,E00005
JB_ID10711,E00010
JB_ID10714,E00003
JB_ID10714,E00005
JB_ID10730,E00007
JB_ID10730,E00006
JB_ID10730,E00010
JB_ID10731,E00006
JB_ID10735,E00009
JB_ID10735,E00010
JB_ID10737,E00008
JB_ID10742,E00001
JB_ID10742,E00005
JB_ID10742,E00003
JB_ID10746,E00007
JB_ID10755,E00010
JB_ID10755,E00004
JB_ID10755,E00006
JB_ID10755,E00001
JB_ID10755,E00009
JB_ID10757,E00006
JB_ID10757,E00002
JB_ID10757,E00001
JB_ID10768,E00001
JB_ID10768,E00003
JB_ID10769,E00005
JB_ID10777,E00004
JB_ID10777,E00009
JB_ID10777,E00005
JB_ID10780,E00009
JB_ID10780,E00002
JB_ID10780,E00001
JB_ID10780,E00006
JB_ID10780,E00004
JB_ID10781,E00003
JB_ID10794,E00008
JB_ID10794,E00004
JB_ID10802,E00007
JB_ID10802,E00006
JB_ID10802,E00003
JB_ID10802,E00004
JB_ID10802,E00002
JB_ID10802,E00009
JB_ID10825,E00003
JB_ID10825,E00002
JB_ID10828,E00009
JB_ID10828,E00008
JB_ID10828,E00002
JB_ID10828,E00010
JB_ID10828,E00006
JB_ID10828,E00005
JB_ID10828,E00007
JB_ID10833,E00010
JB_ID10833,E00007
JB_ID10833,E00004
JB_ID10833,E00002
JB_ID10833,E00006
JB_ID10833,E00008
JB_ID10847,E00003
JB_ID10847,E00002
JB_ID10847,E00004
JB_ID10847,E00006
JB_ID10852,E00002
JB_ID10852,E00006
JB_ID10852,E00007
JB_ID10852,E00010
JB_ID10852,E00001
JB_ID10852,E00008
JB_ID10857,E00007
JB_ID10857,E00004
JB_ID10857,E00001
JB_ID10865,E00007
JB_ID10865,E00001
JB_ID10893,E00005
JB_ID10904,E00004
JB_ID10904,E00008
JB_ID10904,E00007
JB_ID10904,E00010
JB_ID10924,E00003
JB_ID10924,E00001
JB_ID10924,E00010
JB_ID10924,E00008
JB_ID10924,E00009
JB_ID10925,E00006
JB_ID10925,E00007
JB_ID10925,E00003
JB_ID10925,E00010
JB_ID10925,E00008
JB_ID10945,E00007
JB_ID10945,E00004
JB_ID10945,E00002
JB_ID10950,E00010
JB_ID10950,E00008
JB_ID10951,E00001
JB_ID10951,E00007
JB_ID10951,E00008
JB_ID10951,E00003
JB_ID10951,E00009
JB_ID10951,E00002
JB_ID10951,E00006
JB_ID10955,E00006
JB_ID10955,E00007
JB_ID10965,E00004
JB_ID10975,E00010
JB_ID10975,E00005
JB_ID10975,E00003
JB_ID10988,E00002
JB_ID10988,E00001
JB_ID10988,E00007
JB_ID10988,E00003
JB_ID10994,E00009
JB_ID10994,E00004
JB_ID10999,E00005
JB_ID10999,E00002
JB_ID11030,E00009
JB_ID11030,E00007
JB_ID11034,E00005
JB_ID11034,E00008
JB_ID11034,E00006
JB_ID11034,E00004
JB_ID11034,E00009
JB_ID11041,E00007
JB_ID11041,E00008
JB_ID11041,E00006
JB_ID11048,E00009
JB_ID11048,E00007
JB_ID11049,E00006
JB_ID11049,E00007
JB_ID11062,E00009
JB_ID11062,E00007
JB_ID11062,E00002
JB_ID11071,E00004
JB_ID11071,E00002
JB_ID11071,E00007
JB_ID11071,E00008
JB_ID11074,E00004
JB_ID11074,E00005
JB_ID11074,E00001
JB_ID11074,E00010
JB_ID11074,E00006
JB_ID11076,E00008
JB_ID11076,E00009
JB_ID11085,E00005
JB_ID11085,E00008
JB_ID11085,E00002
JB_ID11085,E00006
JB_ID11086,E00007
JB_ID11086,E00006
JB_ID11086,E00002
JB_ID11086,E00004
JB_ID11086,E00003
JB_ID11086,E00005
JB_ID11091,E00002
JB_ID11091,E00006
JB_ID11091,E00001
JB_ID11091,E00003
JB_ID11091,E00010
JB_ID11091,E00007
JB_ID11093,E00009
JB_ID11093,E00005
JB_ID11093,E00008
JB_ID11093,E00006
JB_ID11097,E00002
JB_ID11117,E00002
JB_ID11117,E00003
JB_ID11117,E00001
JB_ID11129,E00010
JB_ID11129,E00002
JB_ID11129,E00006
JB_ID11129,E00007
JB_ID11132,E00003
JB_ID11132,E00002
JB_ID11132,E00001
JB_ID11143,E00005
JB_ID11143,E00004
JB_ID11144,E00008
JB_ID11144,E00005
JB_ID11144,E00002
JB_ID11144,E00006
JB_ID11147,E00001
JB_ID11147,E00003
JB_ID11147,E00005
JB_ID11147,E00002
JB_ID11147,E00009
JB_ID11151,E00005
JB_ID11151,E00001
JB_ID11151,E00008
JB_ID11151,E00007
JB_ID11157,E00004
JB_ID11157,E00009
JB_ID11157,E00010
JB_ID11161,E00004
JB_ID11161,E00002
JB_ID11161,E00007
JB_ID11161,E00010
JB_ID11165,E00003
JB_ID11165,E00002
JB_ID11165,E00007
JB_ID11168,E00001
JB_ID11168,E00002
JB_ID11169,E00002
JB_ID11169,E00007
JB_ID11169,E00005
JB_ID11183,E00002
JB_ID11183,E00006
JB_ID11183,E00004
JB_ID11193,E00004
JB_ID11193,E00007
JB_ID11195,E00001
JB_ID11195,E00004
JB_ID11195,E00008
JB_ID11195,E00009
JB_ID11195,E00002
JB_ID11200,E00006
JB_ID11200,E00008
JB_ID11200,E00004
JB_ID11200,E00009
JB_ID11200,E00002
JB_ID11218,E00003
JB_ID11218,E00002
JB_ID11218,E00001
JB_ID11218,E00006
JB_ID11218,E00008
JB_ID11229,E00010
JB_ID11229,E00004
JB_ID11229,E00008
JB_ID11229,E00001
JB_ID11238,E00002
JB_ID11238,E00005
JB_ID11238,E00010
JB_ID11241,E00001
JB_ID11241,E00004
JB_ID11241,E00006
JB_ID11253,E00003
JB_ID11255,E00005
JB_ID11255,E00008
JB_ID11255,E00003
JB_ID11260,E00001
JB_ID11260,E00009
JB_ID11260,E00008
JB_ID11270,E00005
JB_ID11270,E00009
JB_ID11270,E00007
JB_ID11270,E00002
JB_ID11270,E00001
JB_ID11270,E00003
JB_ID11272,E00009
JB_ID11275,E00003
JB_ID11275,E00008
JB_ID11275,E00004
JB_ID11275,E00002
JB_ID11279,E00010
JB_ID11279,E00007
JB_ID11297,E00004
JB_ID11297,E00001
JB_ID11297,E00008
JB_ID11299,E00004
JB_ID11299,E00005
JB_ID11299,E00008
JB_ID11299,E00003
JB_ID11299,E00006
JB_ID11304,E00006
JB_ID11304,E00007
JB_ID11304,E00008
JB_ID11306,E00010
JB_ID11306,E00004
JB_ID11310,E00002
JB_ID11310,E00004
JB_ID11310,E00003
JB_ID11314,E00007
JB_ID11314,E00009
JB_ID11314,E00004
JB_ID11314,E00008
JB_ID11314,E00005
JB_ID11314,E00001
JB_ID11332,E00009
JB_ID11332,E00010
JB_ID11332,E00008
JB_ID11343,E00009
JB_ID11343,E00006
JB_ID11359,E00002
JB_ID11359,E00010
JB_ID11362,E00009
JB_ID11362,E00007
JB_ID11368,E00008
JB_ID11375,E00004
JB_ID11383,E00006
JB_ID11383,E00009
JB_ID11420,E00004
JB_ID11422,E00002
JB_ID11422,E00009
JB_ID11422,E00001
JB_ID11423,E00001
JB_ID11423,E00007
JB_ID11426,E00002
JB_ID11426,E00006
JB_ID11426,E00001
JB_ID11443,E00008
JB_ID11443,E00004
JB_ID11443,E00003
JB_ID11456,E00009
JB_ID11456,E00010
JB_ID11456,E00005
JB_ID11462,E00001
JB_ID11462,E00004
JB_ID11462,E00006
JB_ID11462,E00009
JB_ID11463,E00005
JB_ID11463,E00009
JB_ID11463,E00001
JB_ID11463,E00002
JB_ID11463,E00007
JB_ID11463,E00006
JB_ID11463,E00004
JB_ID11468,E00009
JB_ID11468,E00010
JB_ID11468,E00005
JB_ID11468,E00002
JB_ID11485,E00003
JB_ID11485,E00008
JB_ID11490,E00008
JB_ID11490,E00010
JB_ID11490,E00009
JB_ID11490,E00006
JB_ID11494,E00002
JB_ID11494,E00005
JB_ID11494,E00008
JB_ID11494,E00010
JB_ID11498,E00006
JB_ID11498,E00002
JB_ID11498,E00001
JB_ID11498,E00008
JB_ID10015,E00004
JB_ID10015,E00006
JB_ID10015,E00002
JB_ID10015,E00009
JB_ID10015,E00001
JB_ID10045,E00001
JB_ID10045,E00003
JB_ID10045,E00010
JB_ID10089,E00005
JB_ID10089,E00006
JB_ID10089,E00004
JB_ID10089,E00008
JB_ID10091,E00008
JB_ID10091,E00005
JB_ID10091,E00001
JB_ID10091,E00007
JB_ID10130,E00003
JB_ID10130,E00007
JB_ID10212,E00008
JB_ID10212,E00006
JB_ID10217,E00001
JB_ID10217,E00006
JB_ID10217,E00008
JB_ID10273,E00009
JB_ID10273,E00008
JB_ID10273,E00003
JB_ID10273,E00004
JB_ID10283,E00006
JB_ID10283,E00002
JB_ID10283,E00003
JB_ID10290,E00008
JB_ID10290,E00002
JB_ID10290,E00010
JB_ID10290,E00005
JB_ID10309,E00010
JB_ID10309,E00001
JB_ID10309,E00002
JB_ID10309,E00009
JB_ID10309,E00006
JB_ID10329,E00009
JB_ID10329,E00004
JB_ID10345,E00002
JB_ID10345,E00001
JB_ID10362,E00002
JB_ID10370,E00004
JB_ID10370,E00009
JB_ID10370,E00007
JB_ID10370,E00005
JB_ID10374,E00007
JB_ID10374,E00003
JB_ID10393,E00002
JB_ID10393,E00003
JB_ID10393,E00009
JB_ID10393,E00005
JB_ID10393,E00001
JB_ID10400,E00001
JB_ID10402,E00008
JB_ID10402,E00006
JB_ID10402,E00007
JB_ID10405,E00008
JB_ID10405,E00009
JB_ID10405,E00004
JB_ID10409,E00004
JB_ID10409,E00003
JB_ID10409,E00001
JB_ID10409,E00007
JB_ID10437,E00010
JB_ID10437,E00005
JB_ID10437,E00009
JB_ID10449,E00004
JB_ID10449,E00010
JB_ID10449,E00001
JB_ID10456,E00010
JB_ID10456,E00009
JB_ID10456,E00003
JB_ID10456,E00001
JB_ID10456,E00008
JB_ID10456,E00007
JB_ID10500,E00008
JB_ID10500,E00005
JB_ID10503,E00001
JB_ID10503,E00008
JB_ID10525,E00005
JB_ID10525,E00006
JB_ID10525,E00002
JB_ID10528,E00001
JB_ID10528,E00004
JB_ID10528,E00007
JB_ID10528,E00009
JB_ID10528,E00002
JB_ID10528,E00003
JB_ID10529,E00006
JB_ID10533,E00007
JB_ID10533,E00009
JB_ID10533,E00001
JB_ID10534,E00009
JB_ID10534,E00010
JB_ID10534,E00008
JB_ID10534,E00001
JB_ID10534,E00003
JB_ID10548,E00003
JB_ID10548,E00004
JB_ID10548,E00002
JB_ID10548,E00009
JB_ID10548,E00005
JB_ID10559,E00008
JB_ID10559,E00006
JB_ID10559,E00002
JB_ID10582,E00002
JB_ID10582,E00003
JB_ID10622,E00008
JB_ID10622,E00006
JB_ID10622,E00009
JB_ID10647,E00008
JB_ID10647,E00001
JB_ID10647,E00003
JB_ID10647,E00010
JB_ID10647,E00005
JB_ID10668,E00010
JB_ID10668,E00001
JB_ID10668,E00004
JB_ID10673,E00002
JB_ID10673,E00001
JB_ID10673,E00004
JB_ID10673,E00005
JB_ID10702,E00001
JB_ID10702,E00006
JB_ID10702,E00009
JB_ID10702,E00010
JB_ID10717,E00009
JB_ID10717,E00004
JB_ID10717,E00006
JB_ID10717,E00003
JB_ID10720,E00007
JB_ID10751,E00002
JB_ID10751,E00001
JB_ID10751,E00006
JB_ID10782,E00010
JB_ID10782,E00004
JB_ID10782,E00003
JB_ID10782,E00001
JB_ID10784,E00002
JB_ID10784,E00007
JB_ID10784,E00010
JB_ID10784,E00008
JB_ID10784,E00005
JB_ID10784,E00009
JB_ID10807,E00001
JB_ID10807,E00010
JB_ID10807,E00009
JB_ID10807,E00002
JB_ID10808,E00006
JB_ID10808,E00003
JB_ID10808,E00009
JB_ID10808,E00004
JB_ID10808,E00002
JB_ID10808,E00007
JB_ID10814,E00009
JB_ID10814,E00001
JB_ID10814,E00010
JB_ID10814,E00006
JB_ID10814,E00007
JB_ID10838,E00009
JB_ID10838,E00003
JB_ID10838,E00004
JB_ID10838,E00010
JB_ID10848,E00004
JB_ID10848,E00005
JB_ID10848,E00003
JB_ID10875,E00005
JB_ID10875,E00009
JB_ID10875,E00006
JB_ID10875,E00010
JB_ID10905,E00005
JB_ID10905,E00006
JB_ID10905,E00004
JB_ID10905,E00001
JB_ID10905,E00002
JB_ID10905,E00010
JB_ID10906,E00008
JB_ID10912,E00002
JB_ID10912,E00008
JB_ID10917,E00007
JB_ID10917,E00001
JB_ID10917,E00005
JB_ID10917,E00003
JB_ID10917,E00008
JB_ID10917,E00010
JB_ID10918,E00001
JB_ID10927,E00004
JB_ID10942,E00005
JB_ID10954,E00001
JB_ID10954,E00004
JB_ID10954,E00009
JB_ID10954,E00002
JB_ID10959,E00007
JB_ID10959,E00002
JB_ID10959,E00010
JB_ID10993,E00001
JB_ID10993,E00008
JB_ID10993,E00009
JB_ID11007,E00006
JB_ID11007,E00010
JB_ID11007,E00003
JB_ID11009,E00003
JB_ID11009,E00010
JB_ID11009,E00002
JB_ID11014,E00001
JB_ID11055,E00003
JB_ID11061,E00009
JB_ID11061,E00007
JB_ID11061,E00008
JB_ID11090,E00010
JB_ID11090,E00004
JB_ID11090,E00009
JB_ID11090,E00006
JB_ID11090,E00001
JB_ID11090,E00005
JB_ID11103,E00006
JB_ID11103,E00010
JB_ID11114,E00006
JB_ID11139,E00005
JB_ID11139,E00009
JB_ID11186,E00002
JB_ID11186,E00001
JB_ID11186,E00003
JB_ID11226,E00005
JB_ID11226,E00008
JB_ID11235,E00002
JB_ID11235,E00003
JB_ID11235,E00008
JB_ID11265,E00001
JB_ID11265,E00004
JB_ID11265,E00010
JB_ID11287,E00005
JB_ID11287,E00001
JB_ID11287,E00010
JB_ID11312,E00007
JB_ID11312,E00001
JB_ID11312,E00003
JB_ID11312,E00002
JB_ID11312,E00004
JB_ID11312,E00009
JB_ID11337,E00007
JB_ID11337,E00001
JB_ID11337,E00002
JB_ID11353,E00009
JB_ID11353,E00007
JB_ID11367,E00001
JB_ID11367,E00003
JB_ID11367,E00008
JB_ID11380,E00009
JB_ID11391,E00008
JB_ID11391,E00003
JB_ID11397,E00010
JB_ID11397,E00005
JB_ID11397,E00007
JB_ID11397,E00006
JB_ID11399,E00001
JB_ID11399,E00008
JB_ID11399,E00007
JB_ID11399,E00009
JB_ID11399,E00003
JB_ID11399,E00010
JB_ID11399,E00002
JB_ID11432,E00010
JB_ID11444,E00009
JB_ID11444,E00004
JB_ID11444,E00008
JB_ID11452,E00007
JB_ID11469,E00005
JB_ID11469,E00010
JB_ID11484,E00008
JB_ID11484,E00010
JB_ID11484,E00006
JB_ID11495,E00006
JB_ID11495,E00004
JB_ID11495,E00002
JB_ID11495,E00008
JB_ID11495,E00007
JB_ID11495,E00005
JB_ID10016,E00002
JB_ID10028,E00008
JB_ID10051,E00009
JB_ID10052,E00001
JB_ID10052,E00004
JB_ID10052,E00008
JB_ID10052,E00010
JB_ID10054,E00010
JB_ID10054,E00006
JB_ID10054,E00009
JB_ID10054,E00001
JB_ID10059,E00003
JB_ID10059,E00008
JB_ID10059,E00009
JB_ID10059,E00010
JB_ID10064,E00010
JB_ID10064,E00007
JB_ID10064,E00001
JB_ID10070,E00003
JB_ID10070,E00008
JB_ID10070,E00010
JB_ID10071,E00001
JB_ID10072,E00001
JB_ID10072,E00007
JB_ID10072,E00002
JB_ID10072,E00005
JB_ID10072,E00008
JB_ID10081,E00005
JB_ID10081,E00002
JB_ID10081,E00008
JB_ID10094,E00005
JB_ID10094,E00002
JB_ID10094,E00008
JB_ID10094,E00003
JB_ID10095,E00010
JB_ID10095,E00003
JB_ID10106,E00009
JB_ID10106,E00002
JB_ID10113,E00003
JB_ID10113,E00001
JB_ID10113,E00008
JB_ID10113,E00010
JB_ID10122,E00009
JB_ID10136,E00004
JB_ID10136,E00009
JB_ID10138,E00008
JB_ID10138,E00006
JB_ID10138,E00009
JB_ID10139,E00006
JB_ID10139,E00001
JB_ID10165,E00006
JB_ID10165,E00010
JB_ID10165,E00004
JB_ID10165,E00005
JB_ID10165,E00001
JB_ID10165,E00002
JB_ID10170,E00001
JB_ID10170,E00005
JB_ID10171,E00009
JB_ID10171,E00003
JB_ID10171,E00008
JB_ID10175,E00001
JB_ID10183,E00009
JB_ID10183,E00006
JB_ID10183,E00002
JB_ID10183,E00001
JB_ID10183,E00005
JB_ID10187,E00001
JB_ID10187,E00005
JB_ID10187,E00007
JB_ID10187,E00008
JB_ID10187,E00002
JB_ID10187,E00004
JB_ID10218,E00003
JB_ID10218,E00008
JB_ID10218,E00006
JB_ID10218,E00007
JB_ID10218,E00004
JB_ID10225,E00010
JB_ID10239,E00004
JB_ID10239,E00005
JB_ID10239,E00008
JB_ID10239,E00006
JB_ID10239,E00003
JB_ID10244,E00004
JB_ID10244,E00008
JB_ID10246,E00004
JB_ID10246,E00002
JB_ID10247,E00009
JB_ID10265,E00008
JB_ID10265,E00009
JB_ID10265,E00006
JB_ID10265,E00007
JB_ID10265,E00003
JB_ID10272,E00004
JB_ID10272,E00010
JB_ID10276,E00009
JB_ID10294,E00004
JB_ID10294,E00009
JB_ID10294,E00008
JB_ID10313,E00009
JB_ID10313,E00006
JB_ID10313,E00007
JB_ID10317,E00001
JB_ID10317,E00008
JB_ID10317,E00002
JB_ID10325,E00006
JB_ID10325,E00004
JB_ID10325,E00007
JB_ID10325,E00010
JB_ID10327,E00009
JB_ID10327,E00005
JB_ID10327,E00001
JB_ID10337,E00002
JB_ID10337,E00009
JB_ID10339,E00005
JB_ID10339,E00008
JB_ID10339,E00002
JB_ID10360,E00002
JB_ID10360,E00008
JB_ID10360,E00003
JB_ID10360,E00007
JB_ID10360,E00009
JB_ID10373,E00009
JB_ID10373,E00010
JB_ID10373,E00006
JB_ID10373,E00004
JB_ID10373,E00008
JB_ID10373,E00005
JB_ID10373,E00007
JB_ID10377,E00004
JB_ID10377,E00006
JB_ID10377,E00003
JB_ID10380,E00005
JB_ID10380,E00003
JB_ID10390,E00010
JB_ID10390,E00004
JB_ID10390,E00002
JB_ID10395,E00004
JB_ID10410,E00003
JB_ID10410,E00007
JB_ID10410,E00005
JB_ID10410,E00006
JB_ID10410,E00001
JB_ID10412,E00001
JB_ID10412,E00007
JB_ID10412,E00008
JB_ID10412,E00005
JB_ID10412,E00004
JB_ID10420,E00002
JB_ID10420,E00007
JB_ID10431,E00006
JB_ID10431,E00004
JB_ID10431,E00007
JB_ID10441,E00004
JB_ID10441,E00010
JB_ID10445,E00003
JB_ID10445,E00002
JB_ID10445,E00006
JB_ID10466,E00004
JB_ID10466,E00003
JB_ID10466,E00009
JB_ID10475,E00005
JB_ID10475,E00006
JB_ID10475,E00010
JB_ID10475,E00003
JB_ID10481,E00004
JB_ID10481,E00007
JB_ID10481,E00005
JB_ID10481,E00010
JB_ID10491,E00005
JB_ID10491,E00002
JB_ID10491,E00008
JB_ID10491,E00001
JB_ID10491,E00009
JB_ID10497,E00010
JB_ID10497,E00001
JB_ID10497,E00004
JB_ID10497,E00007
JB_ID10498,E00007
JB_ID10498,E00005
JB_ID10498,E00008
JB_ID10498,E00009
JB_ID10509,E00005
JB_ID10509,E00009
JB_ID10509,E00006
JB_ID10509,E00003
JB_ID10514,E00003
JB_ID10514,E00007
JB_ID10514,E00006
JB_ID10514,E00001
JB_ID10514,E00002
JB_ID10514,E00004
JB_ID10517,E00002
JB_ID10517,E00008
JB_ID10517,E00007
JB_ID10522,E00006
JB_ID10522,E00002
JB_ID10522,E00008
JB_ID10522,E00003
JB_ID10527,E00007
JB_ID10527,E00008
JB_ID10527,E00005
JB_ID10527,E00010
JB_ID10527,E00006
JB_ID10530,E00005
JB_ID10530,E00008
JB_ID10530,E00004
JB_ID10530,E00007
JB_ID10530,E00009
JB_ID10537,E00003
JB_ID10537,E00008
JB_ID10537,E00002
JB_ID10537,E00006
JB_ID10544,E00005
JB_ID10544,E00006
JB_ID10544,E00001
JB_ID10544,E00007
JB_ID10544,E00008
JB_ID10544,E00002
JB_ID10544,E00009
JB_ID10549,E00007
JB_ID10549,E00008
JB_ID10549,E00005
JB_ID10549,E00010
JB_ID10562,E00008
JB_ID10577,E00003
JB_ID10577,E00007
JB_ID10587,E00006
JB_ID10587,E00003
JB_ID10587,E00009
JB_ID10587,E00005
JB_ID10587,E00008
JB_ID10587,E00007
JB_ID10591,E00006
JB_ID10592,E00006
JB_ID10592,E00003
JB_ID10592,E00001
JB_ID10592,E00002
JB_ID10600,E00010
JB_ID10600,E00009
JB_ID10613,E00004
JB_ID10613,E00007
JB_ID10613,E00003
JB_ID10631,E00010
JB_ID10631,E00003
JB_ID10631,E00002
JB_ID10631,E00004
JB_ID10631,E00008
JB_ID10638,E00007
JB_ID10638,E00006
JB_ID10638,E00005
JB_ID10640,E00007
JB_ID10646,E00007
JB_ID10646,E00005
JB_ID10659,E00001
JB_ID10659,E00010
JB_ID10659,E00006
JB_ID10659,E00004
JB_ID10664,E00004
JB_ID10664,E00002
JB_ID10674,E00005
JB_ID10674,E00001
JB_ID10693,E00010
JB_ID10693,E00008
JB_ID10705,E00010
JB_ID10705,E00002
JB_ID10705,E00003
JB_ID10706,E00001
JB_ID10706,E00004
JB_ID10708,E00008
JB_ID10708,E00010
JB_ID10708,E00001
JB_ID10713,E00003
JB_ID10713,E00005
JB_ID10722,E00005
JB_ID10722,E00004
JB_ID10727,E00006
JB_ID10727,E00008
JB_ID10727,E00007
JB_ID10727,E00005
JB_ID10728,E00004
JB_ID10738,E00010
JB_ID10738,E00001
JB_ID10740,E00006
JB_ID10740,E00010
JB_ID10740,E00001
JB_ID10747,E00001
JB_ID10747,E00004
JB_ID10747,E00009
JB_ID10747,E00008
JB_ID10747,E00006
JB_ID10753,E00009
JB_ID10753,E00010
JB_ID10753,E00005
JB_ID10753,E00007
JB_ID10754,E00010
JB_ID10754,E00009
JB_ID10754,E00008
JB_ID10754,E00005
JB_ID10754,E00001
JB_ID10756,E00004
JB_ID10756,E00008
JB_ID10756,E00007
JB_ID10756,E00010
JB_ID10759,E00007
JB_ID10767,E00003
JB_ID10767,E00002
JB_ID10767,E00009
JB_ID10767,E00001
JB_ID10767,E00008
JB_ID10772,E00008
JB_ID10772,E00006
JB_ID10772,E00002
JB_ID10798,E00009
JB_ID10798,E00010
JB_ID10798,E00007
JB_ID10798,E00006
JB_ID10798,E00005
JB_ID10806,E00001
JB_ID10806,E00006
JB_ID10806,E00009
JB_ID10806,E00010
JB_ID10810,E00002
JB_ID10810,E00010
JB_ID10810,E00006
JB_ID10819,E00008
JB_ID10819,E00007
JB_ID10819,E00002
JB_ID10819,E00003
JB_ID10830,E00004
JB_ID10830,E00005
JB_ID10830,E00008
JB_ID10830,E00003
JB_ID10831,E00005
JB_ID10831,E00001
JB_ID10831,E00007
JB_ID10831,E00008
JB_ID10831,E00010
JB_ID10840,E00003
JB_ID10840,E00006
JB_ID10840,E00005
JB_ID10849,E00004
JB_ID10849,E00001
JB_ID10849,E00003
JB_ID10849,E00006
JB_ID10856,E00010
JB_ID10856,E00008
JB_ID10856,E00007
JB_ID10868,E00001
JB_ID10868,E00009
JB_ID10868,E00008
JB_ID10868,E00007
JB_ID10868,E00002
JB_ID10869,E00010
JB_ID10869,E00004
JB_ID10869,E00007
JB_ID10869,E00003
JB_ID10869,E00009
JB_ID10886,E00002
JB_ID10886,E00005
JB_ID10886,E00010
JB_ID10886,E00008
JB_ID10886,E00001
JB_ID10886,E00007
JB_ID10887,E00003
JB_ID10887,E00002
JB_ID10887,E00005
JB_ID10887,E00008
JB_ID10887,E00009
JB_ID10896,E00003
JB_ID10896,E00004
JB_ID10896,E00008
JB_ID10896,E00007
JB_ID10896,E00006
JB_ID10900,E00001
JB_ID10900,E00006
JB_ID10900,E00002
JB_ID10900,E00007
JB_ID10908,E00006
JB_ID10908,E00002
JB_ID10908,E00010
JB_ID10913,E00003
JB_ID10913,E00009
JB_ID10913,E00008
JB_ID10922,E00008
JB_ID10922,E00009
JB_ID10922,E00004
JB_ID10930,E00005
JB_ID10930,E00009
JB_ID10930,E00006
JB_ID10930,E00002
JB_ID10930,E00001
JB_ID10930,E00004
JB_ID10932,E00004
JB_ID10932,E00001
JB_ID10932,E00008
JB_ID10932,E00003
JB_ID10932,E00009
JB_ID10938,E00004
JB_ID10938,E00007
JB_ID10938,E00005
JB_ID10943,E00010
JB_ID10943,E00002
JB_ID10943,E00001
JB_ID10943,E00006
JB_ID10943,E00005
JB_ID10946,E00009
JB_ID10946,E00006
JB_ID10946,E00008
JB_ID10953,E00005
JB_ID10953,E00008
JB_ID10960,E00001
JB_ID10960,E00002
JB_ID10960,E00010
JB_ID10960,E00009
JB_ID10960,E00003
JB_ID10966,E00010
JB_ID10966,E00008
JB_ID10966,E00009
JB_ID10969,E00003
JB_ID10969,E00004
JB_ID10969,E00009
JB_ID10969,E00007
JB_ID10972,E00010
JB_ID10974,E00006
JB_ID10979,E00007
JB_ID10979,E00005
JB_ID10979,E00001
JB_ID10979,E00009
JB_ID10987,E00006
JB_ID10987,E00005
JB_ID10991,E00009
JB_ID10992,E00003
JB_ID10992,E00008
JB_ID10998,E00002
JB_ID10998,E00006
JB_ID10998,E00010
JB_ID10998,E00007
JB_ID11003,E00006
JB_ID11003,E00001
JB_ID11003,E00002
JB_ID11003,E00008
JB_ID11003,E00003
JB_ID11003,E00005
JB_ID11019,E00010
JB_ID11019,E00009
JB_ID11019,E00003
JB_ID11019,E00002
JB_ID11025,E00004
JB_ID11025,E00006
JB_ID11040,E00002
JB_ID11040,E00010
JB_ID11040,E00008
JB_ID11043,E00008
JB_ID11043,E00002
JB_ID11043,E00004
JB_ID11051,E00005
JB_ID11067,E00004
JB_ID11067,E00008
JB_ID11072,E00003
JB_ID11072,E00008
JB_ID11083,E00002
JB_ID11094,E00001
JB_ID11094,E00002
JB_ID11094,E00005
JB_ID11094,E00008
JB_ID11094,E00009
JB_ID11094,E00003
JB_ID11107,E00004
JB_ID11107,E00003
JB_ID11107,E00001
JB_ID11107,E00002
JB_ID11112,E00004
JB_ID11112,E00006
JB_ID11112,E00003
JB_ID11112,E00008
JB_ID11112,E00001
JB_ID11112,E00007
JB_ID11131,E00009
JB_ID11131,E00002
JB_ID11131,E00005
JB_ID11131,E00008
JB_ID11131,E00003
JB_ID11131,E00001
JB_ID11133,E00010
JB_ID11134,E00003
JB_ID11134,E00010
JB_ID11136,E00010
JB_ID11145,E00006
JB_ID11145,E00002
JB_ID11153,E00006
JB_ID11153,E00009
JB_ID11153,E00007
JB_ID11153,E00001
JB_ID11153,E00003
JB_ID11153,E00010
JB_ID11153,E00008
JB_ID11159,E00005
JB_ID11162,E00008
JB_ID11162,E00006
JB_ID11162,E00009
JB_ID11162,E00001
JB_ID11162,E00004
JB_ID11162,E00003
JB_ID11181,E00009
JB_ID11181,E00008
JB_ID11185,E00001
JB_ID11185,E00009
JB_ID11185,E00002
JB_ID11185,E00005
JB_ID11212,E00006
JB_ID11212,E00007
JB_ID11225,E00007
JB_ID11225,E00010
JB_ID11225,E00008
JB_ID11232,E00002
JB_ID11232,E00010
JB_ID11252,E00001
JB_ID11252,E00006
JB_ID11252,E00008
JB_ID11252,E00005
JB_ID11252,E00002
JB_ID11252,E00007
JB_ID11257,E00010
JB_ID11257,E00003
JB_ID11257,E00007
JB_ID11257,E00001
JB_ID11261,E00005
JB_ID11261,E00002
JB_ID11261,E00004
JB_ID11261,E00010
JB_ID11267,E00002
JB_ID11267,E00005
JB_ID11267,E00007
JB_ID11267,E00006
JB_ID11267,E00009
JB_ID11273,E00003
JB_ID11273,E00009
JB_ID11273,E00010
JB_ID11278,E00001
JB_ID11278,E00003
JB_ID11278,E00006
JB_ID11278,E00005
JB_ID11288,E00002
JB_ID11288,E00004
JB_ID11291,E00002
JB_ID11291,E00008
JB_ID11291,E00006
JB_ID11291,E00007
JB_ID11291,E00010
JB_ID11291,E00001
JB_ID11296,E00008
JB_ID11296,E00010
JB_ID11296,E00003
JB_ID11301,E00007
JB_ID11301,E00005
JB_ID11301,E00002
JB_ID11301,E00001
JB_ID11301,E00009
JB_ID11301,E00003
JB_ID11301,E00004
JB_ID11327,E00004
JB_ID11327,E00009
JB_ID11340,E00004
JB_ID11340,E00006
JB_ID11340,E00009
JB_ID11341,E00007
JB_ID11341,E00005
JB_ID11341,E00003
JB_ID11341,E00006
JB_ID11344,E00010
JB_ID11344,E00007
JB_ID11360,E00006
JB_ID11360,E00008
JB_ID11360,E00009
JB_ID11360,E00007
JB_ID11360,E00005
JB_ID11361,E00009
JB_ID11361,E00010
JB_ID11361,E00006
JB_ID11361,E00007
JB_ID11361,E00001
JB_ID11363,E00005
JB_ID11363,E00007
JB_ID11363,E00008
JB_ID11370,E00006
JB_ID11370,E00008
JB_ID11370,E00010
JB_ID11370,E00009
JB_ID11371,E00006
JB_ID11372,E00003
JB_ID11372,E00007
JB_ID11372,E00004
JB_ID11372,E00002
JB_ID11381,E00001
JB_ID11381,E00009
JB_ID11393,E00008
JB_ID11393,E00001
JB_ID11393,E00005
JB_ID11393,E00010
JB_ID11393,E00007
JB_ID11408,E00002
JB_ID11408,E00008
JB_ID11408,E00003
JB_ID11408,E00010
JB_ID11408,E00005
JB_ID11408,E00006
JB_ID11409,E00010
JB_ID11410,E00006
JB_ID11410,E00002
JB_ID11410,E00007
JB_ID11413,E00005
JB_ID11413,E00001
JB_ID11413,E00008
JB_ID11427,E00007
JB_ID11427,E00005
JB_ID11427,E00001
JB_ID11427,E00003
JB_ID11427,E00006
JB_ID11427,E00004
JB_ID11431,E00007
JB_ID11431,E00006
JB_ID11431,E00002
JB_ID11434,E00006
JB_ID11434,E00010
JB_ID11434,E00005
JB_ID11438,E00006
JB_ID11438,E00007
JB_ID11438,E00008
JB_ID11439,E00007
JB_ID11442,E00004
JB_ID11442,E00010
JB_ID11442,E00003
JB_ID11445,E00009
JB_ID11445,E00002
JB_ID11445,E00004
JB_ID11445,E00007
JB_ID11445,E00001
JB_ID11451,E00005
JB_ID11451,E00001
JB_ID11451,E00009
JB_ID11451,E00006
JB_ID11458,E00010
JB_ID11458,E00004
JB_ID11458,E00001
JB_ID11458,E00009
JB_ID11458,E00006
JB_ID11464,E00008
JB_ID11464,E00001
JB_ID11464,E00004
JB_ID11487,E00010
JB_ID11496,E00003
JB_ID11496,E00010
JB_ID11496,E00009
JB_ID11496,E00007
JB_ID11500,E00010
JB_ID11500,E00001
JB_ID11500,E00005
JB_ID11500,E00009
JB_ID11500,E00002
JB_ID11500,E00008
JB_ID10030,E00003
JB_ID10030,E00005
JB_ID10030,E00010
JB_ID10075,E00006
JB_ID10109,E00002
JB_ID10177,E00002
JB_ID10177,E00008
JB_ID10177,E00010
JB_ID10177,E00009
JB_ID10177,E00005
JB_ID10177,E00001
JB_ID10179,E00002
JB_ID10179,E00010
JB_ID10179,E00003
JB_ID10192,E00004
JB_ID10192,E00005
JB_ID10192,E00001
JB_ID10210,E00006
JB_ID10210,E00003
JB_ID10210,E00001
JB_ID10214,E00010
JB_ID10214,E00007
JB_ID10214,E00002
JB_ID10223,E00006
JB_ID10223,E00008
JB_ID10223,E00005
JB_ID10229,E00005
JB_ID10240,E00005
JB_ID10241,E00002
JB_ID10241,E00004
JB_ID10241,E00007
JB_ID10241,E00009
JB_ID10302,E00010
JB_ID10302,E00007
JB_ID10302,E00008
JB_ID10416,E00004
JB_ID10416,E00008
JB_ID10421,E00005
JB_ID10421,E00004
JB_ID10421,E00010
JB_ID10421,E00008
JB_ID10421,E00009
JB_ID10487,E00010
JB_ID10487,E00004
JB_ID10487,E00008
JB_ID10487,E00005
JB_ID10487,E00006
JB_ID10568,E00005
JB_ID10568,E00001
JB_ID10568,E00007
JB_ID10598,E00002
JB_ID10598,E00005
JB_ID10598,E00009
JB_ID10636,E00001
JB_ID10636,E00005
JB_ID10654,E00008
JB_ID10654,E00007
JB_ID10654,E00004
JB_ID10678,E00005
JB_ID10697,E00005
JB_ID10697,E00006
JB_ID10715,E00001
JB_ID10715,E00009
JB_ID10739,E00007
JB_ID10739,E00010
JB_ID10739,E00001
JB_ID10739,E00006
JB_ID10744,E00008
JB_ID10744,E00006
JB_ID10744,E00001
JB_ID10744,E00010
JB_ID10744,E00003
JB_ID10765,E00002
JB_ID10765,E00010
JB_ID10765,E00007
JB_ID10815,E00001
JB_ID10815,E00002
JB_ID10818,E00010
JB_ID10818,E00008
JB_ID10818,E00006
JB_ID10818,E00001
JB_ID10837,E00007
JB_ID10837,E00009
JB_ID10837,E00004
JB_ID10837,E00003
JB_ID10874,E00005
JB_ID10874,E00010
JB_ID10874,E00009
JB_ID10933,E00001
JB_ID10933,E00009
JB_ID10933,E00007
JB_ID10957,E00008
JB_ID10957,E00007
JB_ID10957,E00004
JB_ID10990,E00004
JB_ID11008,E00001
JB_ID11008,E00002
JB_ID11008,E00003
JB_ID11008,E00009
JB_ID11021,E00010
JB_ID11021,E00008
JB_ID11021,E00007
JB_ID11021,E00009
JB_ID11023,E00008
JB_ID11023,E00010
JB_ID11023,E00002
JB_ID11023,E00001
JB_ID11035,E00004
JB_ID11035,E00003
JB_ID11035,E00009
JB_ID11035,E00001
JB_ID11035,E00005
JB_ID11035,E00008
JB_ID11044,E00005
JB_ID11044,E00010
JB_ID11044,E00004
JB_ID11050,E00010
JB_ID11081,E00003
JB_ID11081,E00001
JB_ID11081,E00009
JB_ID11081,E00002
JB_ID11105,E00004
JB_ID11105,E00009
JB_ID11105,E00007
JB_ID11105,E00008
JB_ID11125,E00001
JB_ID11125,E00007
JB_ID11125,E00002
JB_ID11236,E00003
JB_ID11236,E00004
JB_ID11236,E00009
JB_ID11276,E00005
JB_ID11276,E00002
JB_ID11276,E00003
JB_ID11276,E00008
JB_ID11276,E00001
JB_ID11276,E00007
JB_ID11276,E00006
JB_ID11295,E00009
JB_ID11295,E00004
JB_ID11295,E00001
JB_ID11316,E00010
JB_ID11316,E00003
JB_ID11316,E00006
JB_ID11316,E00007
JB_ID11351,E00004
JB_ID11351,E00003
JB_ID11351,E00008
JB_ID11351,E00002
JB_ID11373,E00006
JB_ID11378,E00006
JB_ID11378,E00009
JB_ID11378,E00010
JB_ID11387,E00010
JB_ID11387,E00008
JB_ID11387,E00006
JB_ID11389,E00004
JB_ID11389,E00009
JB_ID11389,E00006
JB_ID11389,E00003
JB_ID11453,E00001
JB_ID11453,E00007
JB_ID11453,E00008
JB_ID11453,E00009
JB_ID11453,E00003
JB_ID10004,E00010
JB_ID10004,E00005
JB_ID10006,E00007
JB_ID10006,E00001
JB_ID10006,E00008
JB_ID10007,E00010
JB_ID10017,E00002
JB_ID10017,E00001
JB_ID10017,E00005
JB_ID10017,E00008
JB_ID10021,E00010
JB_ID10021,E00009
JB_ID10021,E00008
JB_ID10021,E00002
JB_ID10021,E00001
JB_ID10026,E00005
JB_ID10026,E00007
JB_ID10036,E00008
JB_ID10036,E00006
JB_ID10036,E00007
JB_ID10036,E00002
JB_ID10037,E00003
JB_ID10037,E00004
JB_ID10047,E00008
JB_ID10047,E00006
JB_ID10067,E00009
JB_ID10067,E00005
JB_ID10067,E00003
JB_ID10067,E00010
JB_ID10067,E00001
JB_ID10076,E00010
JB_ID10076,E00005
JB_ID10076,E00009
JB_ID10076,E00006
JB_ID10084,E00003
JB_ID10084,E00001
JB_ID10084,E00004
JB_ID10084,E00010
JB_ID10086,E00007
JB_ID10088,E00001
JB_ID10088,E00010
JB_ID10088,E00009
JB_ID10090,E00002
JB_ID10090,E00007
JB_ID10102,E00004
JB_ID10102,E00001
JB_ID10102,E00009
JB_ID10118,E00007
JB_ID10118,E00010
JB_ID10118,E00003
JB_ID10118,E00005
JB_ID10120,E00005
JB_ID10120,E00008
JB_ID10120,E00006
JB_ID10120,E00001
JB_ID10121,E00003
JB_ID10121,E00010
JB_ID10121,E00008
JB_ID10121,E00001
JB_ID10121,E00005
JB_ID10121,E00006
JB_ID10132,E00003
JB_ID10132,E00006
JB_ID10132,E00001
JB_ID10132,E00009
JB_ID10132,E00008
JB_ID10133,E00008
JB_ID10133,E00010
JB_ID10133,E00004
JB_ID10133,E00009
JB_ID10133,E00003
JB_ID10133,E00007
JB_ID10140,E00003
JB_ID10140,E00010
JB_ID10140,E00008
JB_ID10140,E00001
JB_ID10140,E00004
JB_ID10140,E00006
JB_ID10143,E00003
JB_ID10148,E00004
JB_ID10148,E00009
JB_ID10148,E00007
JB_ID10148,E00008
JB_ID10150,E00001
JB_ID10150,E00005
JB_ID10150,E00009
JB_ID10158,E00010
JB_ID10158,E00006
JB_ID10158,E00003
JB_ID10196,E00008
JB_ID10196,E00007
JB_ID10196,E00005
JB_ID10196,E00004
JB_ID10196,E00002
JB_ID10200,E00004
JB_ID10200,E00003
JB_ID10200,E00005
JB_ID10206,E00004
JB_ID10206,E00003
JB_ID10206,E00007
JB_ID10206,E00006
JB_ID10206,E00010
JB_ID10211,E00010
JB_ID10224,E00008
JB_ID10224,E00003
JB_ID10248,E00007
JB_ID10248,E00004
JB_ID10248,E00003
JB_ID10253,E00007
JB_ID10253,E00003
JB_ID10253,E00002
JB_ID10253,E00008
JB_ID10256,E00009
JB_ID10256,E00002
JB_ID10256,E00010
JB_ID10256,E00006
JB_ID10256,E00007
JB_ID10260,E00004
JB_ID10260,E00009
JB_ID10260,E00006
JB_ID10264,E00006
JB_ID10264,E00005
JB_ID10264,E00010
JB_ID10264,E00002
JB_ID10264,E00003
JB_ID10274,E00004
JB_ID10274,E00010
JB_ID10278,E00006
JB_ID10278,E00007
JB_ID10278,E00009
JB_ID10278,E00001
JB_ID10278,E00004
JB_ID10278,E00005
JB_ID10280,E00007
JB_ID10280,E00002
JB_ID10280,E00010
JB_ID10280,E00008
JB_ID10280,E00001
JB_ID10280,E00003
JB_ID10280,E00004
JB_ID10280,E00009
JB_ID10282,E00002
JB_ID10282,E00010
JB_ID10282,E00003
JB_ID10282,E00006
JB_ID10282,E00004
JB_ID10282,E00007
JB_ID10285,E00009
JB_ID10285,E00008
JB_ID10285,E00005
JB_ID10297,E00008
JB_ID10297,E00005
JB_ID10297,E00009
JB_ID10297,E00001
JB_ID10305,E00010
JB_ID10305,E00008
JB_ID10305,E00003
JB_ID10306,E00007
JB_ID10306,E00003
JB_ID10324,E00008
JB_ID10324,E00010
JB_ID10324,E00005
JB_ID10331,E00002
JB_ID10331,E00006
JB_ID10331,E00001
JB_ID10331,E00010
JB_ID10331,E00005
JB_ID10351,E00010
JB_ID10351,E00006
JB_ID10351,E00005
JB_ID10356,E00009
JB_ID10356,E00006
JB_ID10357,E00002
JB_ID10357,E00006
JB_ID10361,E00008
JB_ID10368,E00007
JB_ID10368,E00010
JB_ID10371,E00009
JB_ID10371,E00005
JB_ID10371,E00004
JB_ID10371,E00003
JB_ID10371,E00006
JB_ID10387,E00001
JB_ID10387,E00005
JB_ID10387,E00006
JB_ID10394,E00004
JB_ID10398,E00002
JB_ID10398,E00005
JB_ID10398,E00006
JB_ID10398,E00007
JB_ID10401,E00006
JB_ID10401,E00008
JB_ID10401,E00005
JB_ID10401,E00001
JB_ID10417,E00006
JB_ID10417,E00002
JB_ID10417,E00007
JB_ID10422,E00003
JB_ID10422,E00005
JB_ID10422,E00001
JB_ID10428,E00001
JB_ID10428,E00007
JB_ID10428,E00004
JB_ID10428,E00008
JB_ID10428,E00006
JB_ID10429,E00009
JB_ID10429,E00007
JB_ID10429,E00001
JB_ID10429,E00005
JB_ID10429,E00003
JB_ID10439,E00005
JB_ID10439,E00004
JB_ID10448,E00002
JB_ID10448,E00001
JB_ID10467,E00001
JB_ID10467,E00008
JB_ID10467,E00002
JB_ID10467,E00007
JB_ID10468,E00009
JB_ID10468,E00005
JB_ID10468,E00001
JB_ID10468,E00003
JB_ID10470,E00005
JB_ID10473,E00007
JB_ID10473,E00004
JB_ID10479,E00004
JB_ID10486,E00007
JB_ID10486,E00003
JB_ID10492,E00001
JB_ID10492,E00008
JB_ID10492,E00004
JB_ID10492,E00003
JB_ID10504,E00001
JB_ID10504,E00002
JB_ID10504,E00004
JB_ID10504,E00009
JB_ID10507,E00002
JB_ID10507,E00006
JB_ID10507,E00008
JB_ID10507,E00005
JB_ID10510,E00006
JB_ID10510,E00001
JB_ID10510,E00009
JB_ID10520,E00005
JB_ID10520,E00007
JB_ID10520,E00010
JB_ID10531,E00008
JB_ID10531,E00003
JB_ID10540,E00008
JB_ID10540,E00009
JB_ID10540,E00005
JB_ID10555,E00007
JB_ID10555,E00004
JB_ID10555,E00001
JB_ID10555,E00008
JB_ID10563,E00010
JB_ID10563,E00004
JB_ID10570,E00005
JB_ID10570,E00008
JB_ID10570,E00006
JB_ID10570,E00002
JB_ID10570,E00009
JB_ID10573,E00007
JB_ID10573,E00008
JB_ID10573,E00004
JB_ID10595,E00007
JB_ID10595,E00003
JB_ID10595,E00004
JB_ID10602,E00002
JB_ID10602,E00007
JB_ID10602,E00005
JB_ID10602,E00008
JB_ID10611,E00001
JB_ID10611,E00002
JB_ID10611,E00007
JB_ID10616,E00004
JB_ID10616,E00003
JB_ID10616,E00002
JB_ID10645,E00009
JB_ID10645,E00001
JB_ID10645,E00003
JB_ID10645,E00004
JB_ID10645,E00006
JB_ID10651,E00009
JB_ID10651,E00007
JB_ID10651,E00006
JB_ID10651,E00004
JB_ID10658,E00003
JB_ID10658,E00001
JB_ID10658,E00002
JB_ID10682,E00008
JB_ID10682,E00006
JB_ID10682,E00007
JB_ID10682,E00009
JB_ID10682,E00002
JB_ID10685,E00006
JB_ID10685,E00003
JB_ID10707,E00005
JB_ID10707,E00007
JB_ID10707,E00004
JB_ID10707,E00009
JB_ID10707,E00003
JB_ID10716,E00010
JB_ID10716,E00009
JB_ID10719,E00006
JB_ID10719,E00005
JB_ID10719,E00009
JB_ID10721,E00002
JB_ID10721,E00010
JB_ID10758,E00003
JB_ID10763,E00008
JB_ID10763,E00003
JB_ID10763,E00009
JB_ID10766,E00005
JB_ID10766,E00009
JB_ID10766,E00008
JB_ID10789,E00006
JB_ID10789,E00008
JB_ID10789,E00004
JB_ID10790,E00008
JB_ID10817,E00003
JB_ID10817,E00010
JB_ID10817,E00004
JB_ID10817,E00006
JB_ID10846,E00005
JB_ID10846,E00009
JB_ID10846,E00006
JB_ID10846,E00007
JB_ID10846,E00002
JB_ID10859,E00007
JB_ID10862,E00010
JB_ID10862,E00001
JB_ID10862,E00005
JB_ID10878,E00007
JB_ID10878,E00005
JB_ID10878,E00003
JB_ID10878,E00009
JB_ID10889,E00005
JB_ID10890,E00002
JB_ID10890,E00007
JB_ID10890,E00010
JB_ID10892,E00006
JB_ID10892,E00001
JB_ID10894,E00009
JB_ID10894,E00003
JB_ID10894,E00006
JB_ID10894,E00004
JB_ID10894,E00005
JB_ID10909,E00008
JB_ID10909,E00001
JB_ID10909,E00010
JB_ID10909,E00009
JB_ID10909,E00005
JB_ID10916,E00010
JB_ID10916,E00003
JB_ID10916,E00009
JB_ID10919,E00005
JB_ID10931,E00009
JB_ID10931,E00006
JB_ID10931,E00003
JB_ID10931,E00008
JB_ID10947,E00009
JB_ID10947,E00006
JB_ID10947,E00002
JB_ID10947,E00007
JB_ID10977,E00001
JB_ID10977,E00006
JB_ID10977,E00004
JB_ID10982,E00003
JB_ID10982,E00001
JB_ID10984,E00004
JB_ID10984,E00001
JB_ID10984,E00009
JB_ID10985,E00001
JB_ID10985,E00008
JB_ID10985,E00005
JB_ID11000,E00007
JB_ID11000,E00003
JB_ID11000,E00005
JB_ID11001,E00007
JB_ID11005,E00003
JB_ID11005,E00006
JB_ID11005,E00004
JB_ID11011,E00009
JB_ID11011,E00003
JB_ID11011,E00005
JB_ID11016,E00005
JB_ID11016,E00008
JB_ID11016,E00004
JB_ID11017,E00010
JB_ID11032,E00002
JB_ID11032,E00008
JB_ID11039,E00009
JB_ID11039,E00004
JB_ID11039,E00001
JB_ID11039,E00002
JB_ID11039,E00003
JB_ID11056,E00005
JB_ID11057,E00001
JB_ID11057,E00004
JB_ID11064,E00009
JB_ID11064,E00007
JB_ID11064,E00001
JB_ID11064,E00008
JB_ID11077,E00007
JB_ID11084,E00001
JB_ID11084,E00006
JB_ID11084,E00003
JB_ID11096,E00006
JB_ID11110,E00002
JB_ID11110,E00010
JB_ID11110,E00006
JB_ID11110,E00008
JB_ID11111,E00002
JB_ID11111,E00003
JB_ID11111,E00004
JB_ID11111,E00009
JB_ID11118,E00003
JB_ID11118,E00010
JB_ID11122,E00005
JB_ID11122,E00003
JB_ID11122,E00002
JB_ID11123,E00010
JB_ID11123,E00007
JB_ID11123,E00006
JB_ID11124,E00008
JB_ID11124,E00003
JB_ID11124,E00006
JB_ID11124,E00005
JB_ID11124,E00004
JB_ID11138,E00010
JB_ID11138,E00002
JB_ID11138,E00003
JB_ID11146,E00003
JB_ID11146,E00009
JB_ID11146,E00010
JB_ID11154,E00004
JB_ID11160,E00010
JB_ID11163,E00007
JB_ID11163,E00009
JB_ID11163,E00003
JB_ID11163,E00006
JB_ID11163,E00008
JB_ID11167,E00001
JB_ID11167,E00006
JB_ID11167,E00007
JB_ID11174,E00003
JB_ID11174,E00004
JB_ID11174,E00009
JB_ID11174,E00006
JB_ID11178,E00010
JB_ID11178,E00001
JB_ID11178,E00004
JB_ID11178,E00002
JB_ID11178,E00005
JB_ID11179,E00006
JB_ID11179,E00009
JB_ID11182,E00005
JB_ID11182,E00003
JB_ID11182,E00006
JB_ID11184,E00009
JB_ID11184,E00003
JB_ID11198,E00006
JB_ID11198,E00001
JB_ID11198,E00007
JB_ID11198,E00002
JB_ID11207,E00004
JB_ID11207,E00009
JB_ID11207,E00010
JB_ID11211,E00006
JB_ID11211,E00007
JB_ID11211,E00010
JB_ID11215,E00005
JB_ID11215,E00010
JB_ID11223,E00008
JB_ID11231,E00002
JB_ID11231,E00007
JB_ID11231,E00005
JB_ID11234,E00001
JB_ID11234,E00006
JB_ID11234,E00004
JB_ID11234,E00008
JB_ID11234,E00010
JB_ID11234,E00003
JB_ID11243,E00003
JB_ID11250,E00007
JB_ID11250,E00008
JB_ID11250,E00001
JB_ID11250,E00002
JB_ID11251,E00001
JB_ID11251,E00008
JB_ID11264,E00010
JB_ID11264,E00007
JB_ID11264,E00003
JB_ID11271,E00005
JB_ID11271,E00001
JB_ID11277,E00004
JB_ID11277,E00006
JB_ID11277,E00010
JB_ID11277,E00009
JB_ID11286,E00006
JB_ID11286,E00005
JB_ID11286,E00003
JB_ID11303,E00003
JB_ID11303,E00007
JB_ID11303,E00006
JB_ID11303,E00002
JB_ID11309,E00003
JB_ID11309,E00002
JB_ID11309,E00009
JB_ID11319,E00001
JB_ID11319,E00004
JB_ID11319,E00007
JB_ID11319,E00008
JB_ID11330,E00006
JB_ID11330,E00010
JB_ID11330,E00004
JB_ID11330,E00008
JB_ID11330,E00005
JB_ID11330,E00002
JB_ID11330,E00003
JB_ID11331,E00006
JB_ID11338,E00002
JB_ID11338,E00006
JB_ID11338,E00005
JB_ID11338,E00001
JB_ID11338,E00009
JB_ID11355,E00004
JB_ID11355,E00001
JB_ID11355,E00007
JB_ID11355,E00010
JB_ID11355,E00005
JB_ID11355,E00006
JB_ID11376,E00005
JB_ID11376,E00008
JB_ID11376,E00003
JB_ID11377,E00004
JB_ID11377,E00002
JB_ID11377,E00007
JB_ID11384,E00008
JB_ID11392,E00009
JB_ID11392,E00008
JB_ID11392,E00005
JB_ID11392,E00006
JB_ID11392,E00007
JB_ID11392,E00010
JB_ID11403,E00001
JB_ID11403,E00010
JB_ID11403,E00005
JB_ID11407,E00010
JB_ID11441,E00005
JB_ID11441,E00010
JB_ID11441,E00007
JB_ID11455,E00010
JB_ID11455,E00008
JB_ID11461,E00009
JB_ID11461,E00001
JB_ID11465,E00004
JB_ID11465,E00005
JB_ID11465,E00010
JB_ID11465,E00003
JB_ID11465,E00002
JB_ID11465,E00009
JB_ID11467,E00008
JB_ID11476,E00007
JB_ID11476,E00003
JB_ID11476,E00002
JB_ID11476,E00001
JB_ID11476,E00010
JB_ID11489,E00002
JB_ID11489,E00009
JB_ID11489,E00008
JB_ID11497,E00008
JB_ID11497,E00001
JB_ID10058,E00003
JB_ID10058,E00009
JB_ID10098,E00009
JB_ID10098,E00001
JB_ID10110,E00001
JB_ID10147,E00010
JB_ID10147,E00006
JB_ID10147,E00003
JB_ID10147,E00009
JB_ID10147,E00007
JB_ID10147,E00005
JB_ID10202,E00007
JB_ID10202,E00001
JB_ID10202,E00009
JB_ID10207,E00002
JB_ID10207,E00010
JB_ID10233,E00008
JB_ID10233,E00010
JB_ID10233,E00005
JB_ID10233,E00004
JB_ID10303,E00003
JB_ID10343,E00009
JB_ID10343,E00007
JB_ID10350,E00006
JB_ID10350,E00007
JB_ID10350,E00004
JB_ID10350,E00001
JB_ID10352,E00008
JB_ID10352,E00010
JB_ID10352,E00003
JB_ID10352,E00009
JB_ID10352,E00006
JB_ID10352,E00001
JB_ID10375,E00001
JB_ID10375,E00006
JB_ID10375,E00008
JB_ID10375,E00003
JB_ID10389,E00008
JB_ID10389,E00004
JB_ID10389,E00002
JB_ID10493,E00002
JB_ID10493,E00005
JB_ID10493,E00008
JB_ID10493,E00009
JB_ID10493,E00007
JB_ID10513,E00008
JB_ID10535,E00006
JB_ID10535,E00009
JB_ID10535,E00007
JB_ID10535,E00002
JB_ID10541,E00007
JB_ID10553,E00004
JB_ID10553,E00005
JB_ID10553,E00010
JB_ID10618,E00008
JB_ID10618,E00006
JB_ID10618,E00004
JB_ID10669,E00006
JB_ID10669,E00008
JB_ID10669,E00003
JB_ID10683,E00003
JB_ID10683,E00008
JB_ID10732,E00008
JB_ID10732,E00006
JB_ID10732,E00002
JB_ID10750,E00009
JB_ID10750,E00005
JB_ID10750,E00006
JB_ID10750,E00004
JB_ID10750,E00010
JB_ID10778,E00005
JB_ID10778,E00010
JB_ID10778,E00002
JB_ID10778,E00007
JB_ID10801,E00010
JB_ID10801,E00004
JB_ID10801,E00006
JB_ID10842,E00003
JB_ID10842,E00001
JB_ID10842,E00005
JB_ID10842,E00006
JB_ID10843,E00009
JB_ID10843,E00008
JB_ID10843,E00006
JB_ID10843,E00004
JB_ID10843,E00010
JB_ID10860,E00002
JB_ID10860,E00005
JB_ID10860,E00001
JB_ID10860,E00007
JB_ID10866,E00010
JB_ID10866,E00003
JB_ID10866,E00002
JB_ID10866,E00001
JB_ID10866,E00005
JB_ID10882,E00003
JB_ID10983,E00007
JB_ID10983,E00003
JB_ID10983,E00004
JB_ID10983,E00006
JB_ID10989,E00003
JB_ID10989,E00006
JB_ID10989,E00007
JB_ID11006,E00004
JB_ID11006,E00009
JB_ID11006,E00010
JB_ID11006,E00003
JB_ID11006,E00008
JB_ID11006,E00006
JB_ID11026,E00010
JB_ID11026,E00007
JB_ID11029,E00007
JB_ID11029,E00008
JB_ID11029,E00002
JB_ID11029,E00009
JB_ID11029,E00001
JB_ID11033,E00001
JB_ID11033,E00006
JB_ID11033,E00008
JB_ID11075,E00008
JB_ID11075,E00006
JB_ID11098,E00008
JB_ID11115,E00008
JB_ID11115,E00003
JB_ID11115,E00006
JB_ID11115,E00007
JB_ID11127,E00001
JB_ID11127,E00005
JB_ID11176,E00006
JB_ID11176,E00002
JB_ID11176,E00009
JB_ID11176,E00003
JB_ID11219,E00001
JB_ID11219,E00008
JB_ID11219,E00009
JB_ID11224,E00006
JB_ID11224,E00005
JB_ID11224,E00010
JB_ID11292,E00008
JB_ID11292,E00005
JB_ID11292,E00010
JB_ID11292,E00006
JB_ID11305,E00004
JB_ID11305,E00001
JB_ID11305,E00002
JB_ID11305,E00007
JB_ID11305,E00006
JB_ID11305,E00003
JB_ID11322,E00009
JB_ID11322,E00001
JB_ID11322,E00007
JB_ID11323,E00004
JB_ID11323,E00007
JB_ID11323,E00008
JB_ID11323,E00010
JB_ID11323,E00006
JB_ID11323,E00003
JB_ID11347,E00002
JB_ID11347,E00009
JB_ID11347,E00003
JB_ID11347,E00006
JB_ID11350,E00001
JB_ID11401,E00002
JB_ID11401,E00001
JB_ID11401,E00006
JB_ID11401,E00005
JB_ID11421,E00004
JB_ID11421,E00006
JB_ID11421,E00007
JB_ID11421,E00009
JB_ID11428,E00001
JB_ID11428,E00002
JB_ID11450,E00005
JB_ID11471,E00010
JB_ID11471,E00009
JB_ID11471,E00007
JB_ID11471,E00004
JB_ID11471,E00002
JB_ID11472,E00009
JB_ID11472,E00006
JB_ID11472,E00005
JB_ID11472,E00003
JB_ID11478,E00010
JB_ID11478,E00002
