inv_no,inv_date,service_miles,inv_discount,inv_amt_total,inv_tax_total,job_id
I_0001,04/01/22 14:49,89203,7.15,65,4.0495,JB_ID10758
I_0002,04/01/22 19:40,6769,61.6,560,34.888,JB_ID10534
I_0003,04/01/22 19:46,70807,8.8,80,4.984,JB_ID10927
I_0004,04/01/22 19:54,72979,41.25,375,23.3625,JB_ID10717
I_0005,04/01/22 22:02,41528,227.15,2065,128.6495,JB_ID10145
I_0006,04/01/22 22:53,5551,139.15,1265,78.8095,JB_ID11400
I_0007,04/02/22 01:46,15701,77,700,43.61,JB_ID10712
I_0008,04/02/22 06:07,11063,78.1,710,44.233,JB_ID10687
I_0009,04/02/22 07:37,66865,96.8,880,54.824,JB_ID10744
I_0010,04/02/22 16:35,4888,74.8,680,42.364,JB_ID11210
I_0011,04/03/22 12:20,51030,250.8,2280,142.044,JB_ID10979
I_0012,04/04/22 13:52,66883,19.25,175,10.9025,JB_ID10661
I_0013,04/04/22 19:52,55919,30.25,275,17.1325,JB_ID10268
I_0014,04/04/22 20:08,57833,1.65,15,0.9345,JB_ID10317
I_0015,04/04/22 20:35,37474,6.05,55,3.4265,JB_ID11159
I_0016,04/05/22 01:22,20375,38.5,350,21.805,JB_ID11432
I_0017,04/05/22 02:56,5824,141.35,1285,80.0555,JB_ID10459
I_0018,04/05/22 04:15,10704,84.15,765,47.6595,JB_ID10233
I_0019,04/05/22 04:42,99272,38.5,350,21.805,JB_ID11331
I_0020,04/05/22 05:43,84230,42.35,385,23.9855,JB_ID10506
I_0021,04/05/22 06:15,43833,19.8,180,11.214,JB_ID10312
I_0022,04/05/22 09:32,26823,60.5,550,34.265,JB_ID10689
I_0023,04/05/22 17:55,36321,41.25,375,23.3625,JB_ID10656
I_0024,04/05/22 18:55,40985,47.85,435,27.1005,JB_ID10100
I_0025,04/05/22 18:56,62228,231,2100,130.83,JB_ID11337
I_0026,04/05/22 19:59,79951,23.1,210,13.083,JB_ID10542
I_0027,04/05/22 20:28,18345,94.6,860,53.578,JB_ID10760
I_0028,04/05/22 23:47,95140,38.5,350,21.805,JB_ID10330
I_0029,04/06/22 04:36,57025,12.1,110,6.853,JB_ID10914
I_0030,04/06/22 05:21,20147,198,1800,112.14,JB_ID10713
I_0031,04/06/22 07:42,40138,341.55,3105,193.4415,JB_ID11221
I_0032,04/06/22 08:31,87558,64.35,585,36.4455,JB_ID10013
I_0033,04/06/22 09:34,35489,40.15,365,22.7395,JB_ID10586
I_0034,04/06/22 10:09,88978,297,2700,168.21,JB_ID10747
I_0035,04/06/22 12:28,11948,24.75,225,14.0175,JB_ID11329
I_0036,04/06/22 21:32,90617,22,200,12.46,JB_ID11341
I_0037,04/06/22 21:50,55999,92.4,840,52.332,JB_ID10287
I_0038,04/06/22 22:28,58442,11,100,6.23,JB_ID10622
I_0039,04/06/22 22:58,12881,49.5,450,28.035,JB_ID10806
I_0040,04/07/22 04:04,40046,168.3,1530,95.319,JB_ID10512
I_0041,04/07/22 14:09,70728,17.05,155,9.6565,JB_ID10625
I_0042,04/07/22 14:18,76036,80.3,730,45.479,JB_ID10393
I_0043,04/07/22 15:02,50733,158.4,1440,89.712,JB_ID10951
I_0044,04/08/22 00:25,73321,38.5,350,21.805,JB_ID11376
I_0045,04/08/22 00:56,18625,112.75,1025,63.8575,JB_ID11164
I_0046,04/08/22 05:10,73277,154.55,1405,87.5315,JB_ID10519
I_0047,04/08/22 10:32,29517,276.65,2515,156.6845,JB_ID10110
I_0048,04/08/22 10:42,21039,380.6,3460,215.558,JB_ID11289
I_0049,04/08/22 11:20,99353,11.55,105,6.5415,JB_ID11248
I_0050,04/08/22 13:20,65931,68.75,625,38.9375,JB_ID10952
I_0051,04/08/22 14:49,32815,63.8,580,36.134,JB_ID10911
I_0052,04/08/22 20:20,45271,52.8,480,29.904,JB_ID11460
I_0053,04/08/22 21:05,47036,78.65,715,44.5445,JB_ID11010
I_0054,04/08/22 22:40,89388,72.05,655,40.8065,JB_ID11437
I_0055,04/09/22 00:49,21546,154,1400,87.22,JB_ID10329
I_0056,04/09/22 03:03,28711,225.5,2050,127.715,JB_ID10492
I_0057,04/09/22 05:01,66562,304.15,2765,172.2595,JB_ID11324
I_0058,04/09/22 05:04,66908,64.35,585,36.4455,JB_ID10417
I_0059,04/09/22 09:34,74054,134.75,1225,76.3175,JB_ID10226
I_0060,04/09/22 11:22,42157,68.75,625,38.9375,JB_ID11436
I_0061,04/09/22 13:52,46261,63.25,575,35.8225,JB_ID11132
I_0062,04/10/22 14:07,51234,130.9,1190,74.137,JB_ID10054
I_0063,04/11/22 03:53,36304,242,2200,137.06,JB_ID10598
I_0064,04/11/22 07:57,41921,63.25,575,35.8225,JB_ID10336
I_0065,04/11/22 13:07,62037,1.65,15,0.9345,JB_ID10889
I_0066,04/11/22 14:32,87757,22,200,12.46,JB_ID10030
I_0067,04/11/22 15:08,40015,49.5,450,28.035,JB_ID11414
I_0068,04/11/22 15:51,13721,1.65,15,0.9345,JB_ID10825
I_0069,04/11/22 17:16,44859,9.9,90,5.607,JB_ID10215
I_0070,04/11/22 17:44,42662,28.05,255,15.8865,JB_ID11006
I_0071,04/11/22 18:05,31288,30.25,275,17.1325,JB_ID10675
I_0072,04/11/22 18:13,52177,316.25,2875,179.1125,JB_ID10611
I_0073,04/11/22 18:21,91455,93.5,850,52.955,JB_ID10912
I_0074,04/11/22 19:36,96812,31.9,290,18.067,JB_ID11350
I_0075,04/11/22 21:47,86689,38.5,350,21.805,JB_ID10490
I_0076,04/11/22 23:05,33,275,2500,155.75,JB_ID10128
I_0077,04/11/22 23:29,38845,71.5,650,40.495,JB_ID10552
I_0078,04/12/22 01:04,12291,220,2000,124.6,JB_ID11103
I_0079,04/12/22 02:09,98968,12.1,110,6.853,JB_ID10628
I_0080,04/12/22 03:15,9615,34.1,310,19.313,JB_ID11493
I_0081,04/12/22 03:32,13746,16.5,150,9.345,JB_ID11296
I_0082,04/12/22 03:40,89524,275,2500,155.75,JB_ID11046
I_0083,04/12/22 04:50,75129,28.05,255,15.8865,JB_ID10596
I_0084,04/12/22 04:57,48668,239.25,2175,135.5025,JB_ID11251
I_0085,04/12/22 06:29,89626,31.35,285,17.7555,JB_ID10224
I_0086,04/12/22 07:26,85094,33,300,18.69,JB_ID10262
I_0087,04/12/22 08:14,21686,8.25,75,4.6725,JB_ID10157
I_0088,04/12/22 08:48,68258,92.4,840,52.332,JB_ID10923
I_0089,04/12/22 09:10,12793,12.1,110,6.853,JB_ID11369
I_0090,04/12/22 09:26,98229,6.05,55,3.4265,JB_ID10343
I_0091,04/12/22 10:02,95634,73.15,665,41.4295,JB_ID10043
I_0092,04/12/22 11:08,45594,247.5,2250,140.175,JB_ID10014
I_0093,04/12/22 13:41,65816,50.6,460,28.658,JB_ID10494
I_0094,04/12/22 17:00,29401,56.1,510,31.773,JB_ID11193
I_0095,04/12/22 17:54,50463,19.8,180,11.214,JB_ID10612
I_0096,04/12/22 20:48,20804,332.75,3025,188.4575,JB_ID10005
I_0097,04/12/22 20:59,94473,30.25,275,17.1325,JB_ID10779
I_0098,04/12/22 23:23,19199,127.05,1155,71.9565,JB_ID11378
I_0099,04/12/22 23:29,94348,143,1300,80.99,JB_ID10769
I_0100,04/13/22 01:50,82664,67.65,615,38.3145,JB_ID11398
I_0101,04/13/22 11:34,76569,55,500,31.15,JB_ID10811
I_0102,04/13/22 18:00,29611,39.05,355,22.1165,JB_ID11264
I_0103,04/13/22 18:12,73347,58.3,530,33.019,JB_ID10354
I_0104,04/13/22 23:06,1430,82.5,750,46.725,JB_ID11169
I_0105,04/14/22 00:51,63059,342.1,3110,193.753,JB_ID10601
I_0106,04/14/22 01:07,28878,70.95,645,40.1835,JB_ID11112
I_0107,04/14/22 03:08,47459,31.9,290,18.067,JB_ID10247
I_0108,04/14/22 06:34,12423,150.15,1365,85.0395,JB_ID10887
I_0109,04/14/22 08:09,88490,28.05,255,15.8865,JB_ID10361
I_0110,04/14/22 11:08,75886,90.75,825,51.3975,JB_ID10401
I_0111,04/14/22 11:50,8439,48.95,445,27.7235,JB_ID11230
I_0112,04/14/22 15:57,23173,53.9,490,30.527,JB_ID11386
I_0113,04/14/22 16:01,56368,12.1,110,6.853,JB_ID11339
I_0114,04/14/22 17:36,82951,66,600,37.38,JB_ID10362
I_0115,04/14/22 19:19,42679,440,4000,249.2,JB_ID11343
I_0116,04/14/22 20:27,35938,128.15,1165,72.5795,JB_ID10607
I_0117,04/14/22 20:32,76535,49.5,450,28.035,JB_ID10420
I_0118,04/14/22 23:27,68319,69.85,635,39.5605,JB_ID10824
I_0119,04/14/22 23:35,86180,272.25,2475,154.1925,JB_ID10881
I_0120,04/15/22 01:07,54121,44,400,24.92,JB_ID10674
I_0121,04/15/22 10:08,7492,50.6,460,28.658,JB_ID10514
I_0122,04/15/22 13:40,87642,12.1,110,6.853,JB_ID11285
I_0123,04/15/22 14:58,80455,23.1,210,13.083,JB_ID10822
I_0124,04/15/22 15:54,40996,476.3,4330,269.759,JB_ID10773
I_0125,04/15/22 17:11,14355,314.05,2855,177.8665,JB_ID10152
I_0126,04/15/22 20:02,34958,49.5,450,28.035,JB_ID10592
I_0127,04/16/22 00:09,80599,71.5,650,40.495,JB_ID11001
I_0128,04/16/22 01:33,52966,49.5,450,28.035,JB_ID11151
I_0129,04/16/22 02:49,58119,137.5,1250,77.875,JB_ID11142
I_0130,04/16/22 06:24,74703,35.75,325,20.2475,JB_ID10311
I_0131,04/16/22 07:00,70433,228.25,2075,129.2725,JB_ID10638
I_0132,04/16/22 07:54,79903,70.4,640,39.872,JB_ID11453
I_0133,04/16/22 11:39,20244,47.85,435,27.1005,JB_ID11333
I_0134,04/16/22 13:04,77581,66,600,37.38,JB_ID10422
I_0135,04/16/22 18:41,54463,78.65,715,44.5445,JB_ID10755
I_0136,04/16/22 22:22,41794,60.5,550,34.265,JB_ID10474
I_0137,04/16/22 23:27,39814,88,800,49.84,JB_ID10187
I_0138,04/17/22 00:15,76060,82.5,750,46.725,JB_ID10954
I_0139,04/17/22 07:17,85742,161.7,1470,91.581,JB_ID10588
I_0140,04/17/22 20:41,40761,193.6,1760,109.648,JB_ID10702
I_0141,04/17/22 23:44,90105,119.35,1085,67.5955,JB_ID10501
I_0142,04/18/22 13:18,27215,11,100,6.23,JB_ID10083
I_0143,04/18/22 14:00,26986,99.55,905,56.3815,JB_ID11043
I_0144,04/18/22 16:50,1499,55.55,505,31.4615,JB_ID10334
I_0145,04/18/22 17:24,34422,46.75,425,26.4775,JB_ID11015
I_0146,04/18/22 17:37,50725,1.65,15,0.9345,JB_ID11484
I_0147,04/18/22 20:27,42278,228.8,2080,129.584,JB_ID11423
I_0148,04/18/22 20:46,67235,239.8,2180,135.814,JB_ID11389
I_0149,04/18/22 21:22,84160,6.05,55,3.4265,JB_ID10181
I_0150,04/18/22 21:42,49641,28.05,255,15.8865,JB_ID11256
I_0151,04/18/22 23:24,69519,52.25,475,29.5925,JB_ID10766
I_0152,04/19/22 04:41,59719,92.4,840,52.332,JB_ID11390
I_0153,04/19/22 07:54,34423,99.55,905,56.3815,JB_ID10522
I_0154,04/19/22 08:46,70893,78.1,710,44.233,JB_ID10593
I_0155,04/19/22 09:46,94560,78.1,710,44.233,JB_ID10860
I_0156,04/19/22 10:58,91751,60.5,550,34.265,JB_ID10942
I_0157,04/19/22 11:33,78889,77,700,43.61,JB_ID10009
I_0158,04/19/22 13:51,9155,46.2,420,26.166,JB_ID11233
I_0159,04/19/22 14:53,45940,7.15,65,4.0495,JB_ID10347
I_0160,04/19/22 15:25,77526,6.05,55,3.4265,JB_ID11249
I_0161,04/19/22 18:31,98921,113.85,1035,64.4805,JB_ID10767
I_0162,04/20/22 06:00,39800,94.05,855,53.2665,JB_ID10218
I_0163,04/20/22 08:22,45666,77.55,705,43.9215,JB_ID11178
I_0164,04/20/22 09:51,55206,288.75,2625,163.5375,JB_ID10567
I_0165,04/20/22 09:58,35125,84.7,770,47.971,JB_ID10032
I_0166,04/20/22 13:22,60720,165,1500,93.45,JB_ID10052
I_0167,04/20/22 15:47,78570,55.55,505,31.4615,JB_ID11156
I_0168,04/20/22 16:20,35246,79.2,720,44.856,JB_ID10763
I_0169,04/20/22 19:02,41288,2.75,25,1.5575,JB_ID10681
I_0170,04/20/22 19:03,22621,266.2,2420,150.766,JB_ID10279
I_0171,04/20/22 20:11,82018,5.5,50,3.115,JB_ID10508
I_0172,04/20/22 21:38,22707,79.75,725,45.1675,JB_ID10523
I_0173,04/21/22 00:08,73845,18.15,165,10.2795,JB_ID10379
I_0174,04/21/22 00:36,19982,12.1,110,6.853,JB_ID10983
I_0175,04/21/22 02:55,49902,53.35,485,30.2155,JB_ID11399
I_0176,04/21/22 03:36,42883,19.8,180,11.214,JB_ID10946
I_0177,04/21/22 09:47,95073,170.5,1550,96.565,JB_ID10153
I_0178,04/21/22 10:37,53135,90.75,825,51.3975,JB_ID10930
I_0179,04/21/22 12:42,34618,63.8,580,36.134,JB_ID10168
I_0180,04/21/22 17:08,76813,19.25,175,10.9025,JB_ID10935
I_0181,04/21/22 18:48,91742,38.5,350,21.805,JB_ID10113
I_0182,04/21/22 19:12,99507,50.6,460,28.658,JB_ID11061
I_0183,04/21/22 19:32,28287,6.05,55,3.4265,JB_ID10288
I_0184,04/21/22 23:29,69908,187,1700,105.91,JB_ID10416
I_0185,04/21/22 23:53,33484,149.05,1355,84.4165,JB_ID11039
I_0186,04/22/22 03:57,62048,133.1,1210,75.383,JB_ID10982
I_0187,04/22/22 06:42,71527,68.75,625,38.9375,JB_ID10703
I_0188,04/22/22 07:18,71575,30.8,280,17.444,JB_ID11117
I_0189,04/22/22 10:21,33305,588.5,5350,333.305,JB_ID10189
I_0190,04/22/22 10:28,37730,133.1,1210,75.383,JB_ID10735
I_0191,04/22/22 12:52,41711,74.8,680,42.364,JB_ID11291
I_0192,04/22/22 14:08,57935,12.1,110,6.853,JB_ID10826
I_0193,04/22/22 14:56,41489,298.1,2710,168.833,JB_ID10725
I_0194,04/22/22 15:12,58091,319,2900,180.67,JB_ID11353
I_0195,04/22/22 17:18,83433,19.8,180,11.214,JB_ID10252
I_0196,04/22/22 19:59,78872,144.1,1310,81.613,JB_ID10235
I_0197,04/22/22 20:05,40271,11,100,6.23,JB_ID10971
I_0198,04/22/22 22:42,87109,67.1,610,38.003,JB_ID10118
I_0199,04/22/22 23:43,62869,209.55,1905,118.6815,JB_ID10894
I_0200,04/23/22 03:43,45757,138.05,1255,78.1865,JB_ID10770
I_0201,04/23/22 04:37,763,71.5,650,40.495,JB_ID10748
I_0202,04/23/22 05:30,49167,23.1,210,13.083,JB_ID10232
I_0203,04/23/22 07:16,28783,56.1,510,31.773,JB_ID10850
I_0204,04/23/22 09:59,75001,140.25,1275,79.4325,JB_ID11126
I_0205,04/23/22 10:52,47608,77,700,43.61,JB_ID10688
I_0206,04/23/22 11:12,35637,36.85,335,20.8705,JB_ID11088
I_0207,04/23/22 13:25,25410,407,3700,230.51,JB_ID10458
I_0208,04/23/22 23:44,77605,116.05,1055,65.7265,JB_ID10621
I_0209,04/24/22 03:21,57946,44,400,24.92,JB_ID10660
I_0210,04/24/22 09:15,61709,66,600,37.38,JB_ID10240
I_0211,04/24/22 09:27,8525,136.95,1245,77.5635,JB_ID10874
I_0212,04/25/22 04:02,42585,407.55,3705,230.8215,JB_ID10462
I_0213,04/25/22 10:23,2060,56.1,510,31.773,JB_ID10950
I_0214,04/25/22 13:33,16991,51.15,465,28.9695,JB_ID10182
I_0215,04/25/22 14:21,40090,33,300,18.69,JB_ID10256
I_0216,04/25/22 14:22,71207,49.5,450,28.035,JB_ID10741
I_0217,04/25/22 14:41,5619,17.6,160,9.968,JB_ID10796
I_0218,04/25/22 17:41,47271,34.1,310,19.313,JB_ID10394
I_0219,04/25/22 18:22,7723,37.4,340,21.182,JB_ID10438
I_0220,04/25/22 18:46,93804,47.85,435,27.1005,JB_ID10257
I_0221,04/25/22 20:56,47715,14.85,135,8.4105,JB_ID10636
I_0222,04/25/22 21:13,71767,28.6,260,16.198,JB_ID10511
I_0223,04/25/22 22:15,57555,51.15,465,28.9695,JB_ID11281
I_0224,04/25/22 22:18,82194,17.05,155,9.6565,JB_ID10084
I_0225,04/25/22 23:28,29258,80.85,735,45.7905,JB_ID11479
I_0226,04/26/22 00:18,83273,93.5,850,52.955,JB_ID10193
I_0227,04/26/22 00:35,2562,85.8,780,48.594,JB_ID10035
I_0228,04/26/22 00:48,48249,49.5,450,28.035,JB_ID10174
I_0229,04/26/22 01:35,11382,59.95,545,33.9535,JB_ID10091
I_0230,04/26/22 03:00,73952,53.9,490,30.527,JB_ID11216
I_0231,04/26/22 03:13,7698,302.5,2750,171.325,JB_ID11456
I_0232,04/26/22 04:02,86681,62.7,570,35.511,JB_ID10877
I_0233,04/26/22 08:45,8759,23.1,210,13.083,JB_ID11260
I_0234,04/26/22 08:49,30524,121,1100,68.53,JB_ID10001
I_0235,04/26/22 12:20,31908,12.1,110,6.853,JB_ID10120
I_0236,04/26/22 14:05,21287,67.65,615,38.3145,JB_ID11409
I_0237,04/26/22 17:24,21727,220,2000,124.6,JB_ID10875
I_0238,04/26/22 21:59,85258,291.5,2650,165.095,JB_ID10349
I_0239,04/27/22 00:08,71716,63.8,580,36.134,JB_ID10087
I_0240,04/27/22 01:06,28490,18.7,170,10.591,JB_ID10605
I_0241,04/27/22 01:24,75638,20.35,185,11.5255,JB_ID10800
I_0242,04/27/22 03:54,29046,294.8,2680,166.964,JB_ID10756
I_0243,04/27/22 05:23,87293,68.75,625,38.9375,JB_ID10463
I_0244,04/27/22 07:24,30745,23.1,210,13.083,JB_ID10248
I_0245,04/27/22 08:19,64573,22,200,12.46,JB_ID11439
I_0246,04/27/22 11:06,67486,34.65,315,19.6245,JB_ID11425
I_0247,04/27/22 13:13,83155,19.25,175,10.9025,JB_ID10408
I_0248,04/27/22 16:05,88559,6.05,55,3.4265,JB_ID11031
I_0249,04/27/22 17:24,887,183.7,1670,104.041,JB_ID10733
I_0250,04/28/22 04:17,16357,42.35,385,23.9855,JB_ID10818
I_0251,04/28/22 10:52,75154,7.15,65,4.0495,JB_ID11212
I_0252,04/28/22 10:58,84599,89.65,815,50.7745,JB_ID10795
I_0253,04/28/22 11:42,75445,283.8,2580,160.734,JB_ID11170
I_0254,04/28/22 21:07,11815,198.55,1805,112.4515,JB_ID10370
I_0255,04/28/22 23:57,97602,244.75,2225,138.6175,JB_ID10505
I_0256,04/29/22 00:02,10942,239.8,2180,135.814,JB_ID10280
I_0257,04/29/22 00:56,84641,306.9,2790,173.817,JB_ID11402
I_0258,04/29/22 09:22,58572,139.7,1270,79.121,JB_ID11119
I_0259,04/29/22 09:50,85766,9.9,90,5.607,JB_ID10994
I_0260,04/29/22 13:04,96886,144.65,1315,81.9245,JB_ID10316
I_0261,04/29/22 16:54,54887,110,1000,62.3,JB_ID10301
I_0262,04/29/22 19:46,53430,45.65,415,25.8545,JB_ID11463
I_0263,04/29/22 20:46,2495,8.8,80,4.984,JB_ID10195
I_0264,04/30/22 00:57,93616,118.25,1075,66.9725,JB_ID10012
I_0265,04/30/22 02:02,98772,116.6,1060,66.038,JB_ID10200
I_0266,04/30/22 09:02,4573,30.8,280,17.444,JB_ID11379
I_0267,04/30/22 11:06,31353,453.75,4125,256.9875,JB_ID10663
I_0268,04/30/22 14:15,34646,168.85,1535,95.6305,JB_ID11477
I_0269,05/01/22 00:06,26700,0,630,44.1,JB_ID11442
I_0270,05/02/22 03:29,33571,0,3505,245.35,JB_ID11008
I_0271,05/02/22 14:22,8817,0,180,12.6,JB_ID11217
I_0272,05/02/22 14:32,39058,0,250,17.5,JB_ID10249
I_0273,05/02/22 14:50,46598,0,80,5.6,JB_ID10207
I_0274,05/02/22 15:58,8278,0,55,3.85,JB_ID11391
I_0275,05/02/22 16:31,36590,0,180,12.6,JB_ID10095
I_0276,05/02/22 20:37,80428,0,80,5.6,JB_ID11417
I_0277,05/02/22 21:27,49727,0,915,64.05,JB_ID10344
I_0278,05/02/22 23:27,1672,0,110,7.7,JB_ID11297
I_0279,05/02/22 23:29,12863,0,170,11.9,JB_ID10480
I_0280,05/02/22 23:35,9607,0,1200,84,JB_ID11498
I_0281,05/02/22 23:36,4087,0,1100,77,JB_ID10212
I_0282,05/03/22 03:38,15772,0,455,31.85,JB_ID11162
I_0283,05/03/22 04:54,41616,0,230,16.1,JB_ID10341
I_0284,05/03/22 08:29,11099,0,1975,138.25,JB_ID10992
I_0285,05/03/22 08:39,68435,0,710,49.7,JB_ID11011
I_0286,05/03/22 09:30,10838,0,1100,77,JB_ID10254
I_0287,05/03/22 11:05,7995,0,2125,148.75,JB_ID10159
I_0288,05/03/22 15:16,35824,0,1055,73.85,JB_ID11408
I_0289,05/03/22 17:55,97264,0,2350,164.5,JB_ID10324
I_0290,05/03/22 20:12,99938,0,2500,175,JB_ID10437
I_0291,05/03/22 23:28,77921,0,195,13.65,JB_ID10107
I_0292,05/03/22 23:31,16910,0,580,40.6,JB_ID10308
I_0293,05/04/22 02:31,71776,0,605,42.35,JB_ID11092
I_0294,05/04/22 04:22,44750,0,700,49,JB_ID10835
I_0295,05/04/22 14:56,55575,0,55,3.85,JB_ID10858
I_0296,05/04/22 16:31,79788,0,435,30.45,JB_ID11352
I_0297,05/04/22 20:49,86834,0,480,33.6,JB_ID10074
I_0298,05/05/22 00:50,49611,0,905,63.35,JB_ID10658
I_0299,05/05/22 01:26,43907,0,2305,161.35,JB_ID11424
I_0300,05/05/22 02:10,34150,0,4250,297.5,JB_ID10260
I_0301,05/05/22 04:20,84318,0,75,5.25,JB_ID10697
I_0302,05/05/22 11:50,92560,0,655,45.85,JB_ID11165
I_0303,05/05/22 14:26,44936,0,375,26.25,JB_ID10414
I_0304,05/05/22 19:20,56395,0,305,21.35,JB_ID11486
I_0305,05/06/22 07:35,60743,0,900,63,JB_ID11396
I_0306,05/06/22 09:18,95221,0,3100,217,JB_ID10141
I_0307,05/06/22 10:25,18084,0,3365,235.55,JB_ID10381
I_0308,05/06/22 12:28,89083,0,2080,145.6,JB_ID10813
I_0309,05/06/22 13:31,5793,0,100,7,JB_ID10958
I_0310,05/06/22 20:05,38643,0,560,39.2,JB_ID10319
I_0311,05/06/22 20:29,53611,0,1035,72.45,JB_ID11003
I_0312,05/06/22 21:18,28160,0,700,49,JB_ID10654
I_0313,05/06/22 21:52,71527,0,1285,89.95,JB_ID11110
I_0314,05/07/22 01:05,4574,0,1025,71.75,JB_ID10947
I_0315,05/07/22 02:43,59733,0,3930,275.1,JB_ID10137
I_0316,05/07/22 05:34,21158,0,1050,73.5,JB_ID11266
I_0317,05/07/22 07:17,15444,0,1445,101.15,JB_ID11105
I_0318,05/07/22 10:58,6018,0,330,23.1,JB_ID11362
I_0319,05/07/22 11:12,1256,0,1400,98,JB_ID10708
I_0320,05/07/22 15:17,94428,0,600,42,JB_ID10004
I_0321,05/07/22 15:59,16642,0,810,56.7,JB_ID11191
I_0322,05/07/22 16:26,98594,0,1275,89.25,JB_ID11157
I_0323,05/07/22 18:35,68616,0,830,58.1,JB_ID11222
I_0324,05/07/22 21:16,49616,0,1050,73.5,JB_ID10972
I_0325,05/09/22 04:05,29668,0,550,38.5,JB_ID10539
I_0326,05/09/22 13:29,31432,0,65,4.55,JB_ID10415
I_0327,05/09/22 14:43,17391,0,230,16.1,JB_ID11183
I_0328,05/09/22 15:41,7296,0,850,59.5,JB_ID10742
I_0329,05/09/22 15:41,92248,0,500,35,JB_ID10998
I_0330,05/09/22 16:29,63022,0,450,31.5,JB_ID11242
I_0331,05/09/22 16:29,26890,0,55,3.85,JB_ID10231
I_0332,05/09/22 18:03,630,0,355,24.85,JB_ID11044
I_0333,05/09/22 18:29,87657,0,265,18.55,JB_ID11426
I_0334,05/09/22 18:45,15123,0,2250,157.5,JB_ID10175
I_0335,05/09/22 19:08,88476,0,2525,176.75,JB_ID10851
I_0336,05/09/22 19:21,96485,0,75,5.25,JB_ID11319
I_0337,05/09/22 20:46,71325,0,360,25.2,JB_ID10356
I_0338,05/09/22 21:01,94194,0,355,24.85,JB_ID10541
I_0339,05/09/22 21:02,4979,0,180,12.6,JB_ID10672
I_0340,05/09/22 22:27,89209,0,125,8.75,JB_ID10409
I_0341,05/10/22 00:06,62784,0,2500,175,JB_ID10220
I_0342,05/10/22 01:26,4227,0,2180,152.6,JB_ID11202
I_0343,05/10/22 04:31,42850,0,180,12.6,JB_ID11237
I_0344,05/10/22 04:39,45913,0,3375,236.25,JB_ID10791
I_0345,05/10/22 11:52,42524,0,55,3.85,JB_ID10576
I_0346,05/10/22 15:20,79747,0,65,4.55,JB_ID11273
I_0347,05/10/22 15:38,94371,0,80,5.6,JB_ID11026
I_0348,05/10/22 15:52,77082,0,1040,72.8,JB_ID10259
I_0349,05/10/22 18:43,16457,0,15,1.05,JB_ID10582
I_0350,05/10/22 22:15,83436,0,200,14,JB_ID10286
I_0351,05/11/22 00:40,65944,0,845,59.15,JB_ID11091
I_0352,05/11/22 05:58,47696,0,225,15.75,JB_ID10659
I_0353,05/11/22 06:57,67940,0,255,17.85,JB_ID10332
I_0354,05/11/22 11:20,90138,0,65,4.55,JB_ID10192
I_0355,05/11/22 13:43,66615,0,415,29.05,JB_ID10489
I_0356,05/11/22 18:25,30715,0,450,31.5,JB_ID11310
I_0357,05/11/22 19:42,72578,0,915,64.05,JB_ID11304
I_0358,05/11/22 20:47,20862,0,825,57.75,JB_ID11395
I_0359,05/11/22 21:00,72773,0,1275,89.25,JB_ID11413
I_0360,05/11/22 23:22,60881,0,3035,212.45,JB_ID10309
I_0361,05/12/22 02:41,53684,0,165,11.55,JB_ID11166
I_0362,05/12/22 03:48,31775,0,2500,175,JB_ID11127
I_0363,05/12/22 06:44,1979,0,455,31.85,JB_ID10571
I_0364,05/12/22 07:41,60719,0,915,64.05,JB_ID10682
I_0365,05/12/22 10:35,96856,0,370,25.9,JB_ID11421
I_0366,05/12/22 12:52,41726,0,110,7.7,JB_ID10549
I_0367,05/12/22 16:21,93013,0,5110,357.7,JB_ID10643
I_0368,05/12/22 23:20,928,0,835,58.45,JB_ID10834
I_0369,05/12/22 23:45,64453,0,305,21.35,JB_ID10734
I_0370,05/13/22 01:20,68222,0,1880,131.6,JB_ID10298
I_0371,05/13/22 02:38,69220,0,210,14.7,JB_ID10557
I_0372,05/13/22 06:58,54363,0,2110,147.7,JB_ID11227
I_0373,05/13/22 10:55,6851,0,1295,90.65,JB_ID10065
I_0374,05/13/22 17:29,14872,0,680,47.6,JB_ID10573
I_0375,05/13/22 18:19,1094,0,780,54.6,JB_ID10289
I_0376,05/13/22 18:44,59094,0,2100,147,JB_ID10427
I_0377,05/13/22 19:21,24249,0,100,7,JB_ID11388
I_0378,05/13/22 23:52,57758,0,110,7.7,JB_ID11322
I_0379,05/14/22 00:56,73218,0,1255,87.85,JB_ID10154
I_0380,05/14/22 01:25,99039,0,2390,167.3,JB_ID10326
I_0381,05/14/22 05:10,15665,0,75,5.25,JB_ID10680
I_0382,05/14/22 06:41,39138,0,235,16.45,JB_ID10034
I_0383,05/14/22 09:36,39874,0,335,23.45,JB_ID11074
I_0384,05/14/22 09:52,79170,0,3010,210.7,JB_ID10999
I_0385,05/14/22 15:49,78842,0,1780,124.6,JB_ID10102
I_0386,05/14/22 19:50,40849,0,2400,168,JB_ID11154
I_0387,05/16/22 03:12,6131,0,1630,114.1,JB_ID11124
I_0388,05/16/22 03:35,19670,0,615,43.05,JB_ID11063
I_0389,05/16/22 11:40,56878,0,110,7.7,JB_ID11407
I_0390,05/16/22 13:07,44846,0,55,3.85,JB_ID10764
I_0391,05/16/22 13:26,88267,0,175,12.25,JB_ID11420
I_0392,05/16/22 14:09,33549,0,180,12.6,JB_ID10290
I_0393,05/16/22 14:21,41887,0,350,24.5,JB_ID11220
I_0394,05/16/22 14:55,47507,0,355,24.85,JB_ID10509
I_0395,05/16/22 15:24,97317,0,175,12.25,JB_ID11443
I_0396,05/16/22 17:01,23120,0,1115,78.05,JB_ID11282
I_0397,05/16/22 17:38,57632,0,15,1.05,JB_ID10078
I_0398,05/16/22 19:16,40396,0,55,3.85,JB_ID11428
I_0399,05/16/22 20:28,75026,0,1115,78.05,JB_ID11025
I_0400,05/16/22 22:42,32961,0,900,63,JB_ID11049
I_0401,05/16/22 23:04,53257,0,1300,91,JB_ID10255
I_0402,05/16/22 23:29,73337,0,445,31.15,JB_ID11113
I_0403,05/16/22 23:42,16461,0,1215,85.05,JB_ID11024
I_0404,05/16/22 23:44,95116,0,1100,77,JB_ID11122
I_0405,05/17/22 02:44,6584,0,650,45.5,JB_ID11294
I_0406,05/17/22 04:44,19527,0,1210,84.7,JB_ID10805
I_0407,05/17/22 06:33,86358,0,2500,175,JB_ID10977
I_0408,05/17/22 09:16,98231,0,900,63,JB_ID10893
I_0409,05/17/22 09:30,27540,0,720,50.4,JB_ID10227
I_0410,05/17/22 10:48,62427,0,1175,82.25,JB_ID10540
I_0411,05/17/22 11:17,10552,0,365,25.55,JB_ID10855
I_0412,05/17/22 12:15,22758,0,300,21,JB_ID11084
I_0413,05/17/22 13:11,43858,0,210,14.7,JB_ID10973
I_0414,05/17/22 13:13,39487,0,675,47.25,JB_ID11174
I_0415,05/17/22 16:17,6685,0,500,35,JB_ID11241
I_0416,05/17/22 16:33,92776,0,55,3.85,JB_ID10023
I_0417,05/17/22 16:46,6613,0,2290,160.3,JB_ID10031
I_0418,05/17/22 17:47,32785,0,15,1.05,JB_ID11232
I_0419,05/17/22 21:55,54052,0,2950,206.5,JB_ID11106
I_0420,05/17/22 22:07,66315,0,2500,175,JB_ID11244
I_0421,05/17/22 22:46,72552,0,2145,150.15,JB_ID10060
I_0422,05/18/22 02:16,80504,0,960,67.2,JB_ID10015
I_0423,05/18/22 02:33,14259,0,600,42,JB_ID11449
I_0424,05/18/22 04:08,81761,0,675,47.25,JB_ID10133
I_0425,05/18/22 05:49,95619,0,925,64.75,JB_ID10828
I_0426,05/18/22 11:51,37188,0,1065,74.55,JB_ID10239
I_0427,05/18/22 13:54,74578,0,455,31.85,JB_ID10475
I_0428,05/18/22 21:02,46599,0,2200,154,JB_ID10765
I_0429,05/18/22 21:25,52557,0,200,14,JB_ID11056
I_0430,05/18/22 21:26,52090,0,75,5.25,JB_ID10922
I_0431,05/19/22 00:33,93019,0,1250,87.5,JB_ID11467
I_0432,05/19/22 00:47,68555,0,1010,70.7,JB_ID11041
I_0433,05/19/22 01:55,12131,0,600,42,JB_ID10558
I_0434,05/19/22 01:59,93131,0,2250,157.5,JB_ID10516
I_0435,05/19/22 02:27,18202,0,580,40.6,JB_ID10237
I_0436,05/19/22 02:38,85612,0,660,46.2,JB_ID10488
I_0437,05/19/22 04:26,42002,0,2710,189.7,JB_ID11182
I_0438,05/19/22 05:04,22014,0,2855,199.85,JB_ID11234
I_0439,05/19/22 05:54,33109,0,610,42.7,JB_ID10310
I_0440,05/19/22 07:49,4274,0,2550,178.5,JB_ID10804
I_0441,05/19/22 12:16,98293,0,780,54.6,JB_ID10642
I_0442,05/19/22 18:20,43790,0,355,24.85,JB_ID10789
I_0443,05/19/22 18:25,67973,0,1030,72.1,JB_ID11272
I_0444,05/19/22 19:39,64954,0,185,12.95,JB_ID10938
I_0445,05/19/22 20:47,34837,0,75,5.25,JB_ID11306
I_0446,05/19/22 21:46,80818,0,1275,89.25,JB_ID10631
I_0447,05/19/22 22:10,30743,0,400,28,JB_ID10197
I_0448,05/19/22 23:22,5298,0,2635,184.45,JB_ID10827
I_0449,05/20/22 00:20,51512,0,3245,227.15,JB_ID11100
I_0450,05/20/22 03:28,50852,0,2655,185.85,JB_ID11125
I_0451,05/20/22 03:29,22626,0,630,44.1,JB_ID10840
I_0452,05/20/22 05:02,98745,0,180,12.6,JB_ID10844
I_0453,05/20/22 05:11,62549,0,3415,239.05,JB_ID10073
I_0454,05/20/22 06:09,77972,0,600,42,JB_ID10040
I_0455,05/20/22 12:18,16625,0,570,39.9,JB_ID10590
I_0456,05/20/22 12:26,41995,0,100,7,JB_ID11481
I_0457,05/20/22 13:14,49209,0,4125,288.75,JB_ID10959
I_0458,05/20/22 19:09,5094,0,155,10.85,JB_ID11139
I_0459,05/20/22 19:15,55777,0,350,24.5,JB_ID10210
I_0460,05/20/22 23:02,15050,0,390,27.3,JB_ID10709
I_0461,05/21/22 00:29,79548,0,210,14.7,JB_ID10545
I_0462,05/21/22 04:54,56626,0,830,58.1,JB_ID10565
I_0463,05/21/22 06:38,14572,0,2175,152.25,JB_ID10076
I_0464,05/21/22 07:47,46249,0,360,25.2,JB_ID11271
I_0465,05/21/22 12:21,98839,0,330,23.1,JB_ID10707
I_0466,05/21/22 18:40,69050,0,240,16.8,JB_ID11435
I_0467,05/21/22 22:11,76702,0,1000,70,JB_ID11053
I_0468,05/21/22 23:27,21929,0,3190,223.3,JB_ID10105
I_0469,05/22/22 02:24,68522,0,3950,276.5,JB_ID10269
I_0470,05/22/22 06:24,97433,0,2610,182.7,JB_ID11441
I_0471,05/23/22 11:49,65587,0,110,7.7,JB_ID11134
I_0472,05/23/22 12:52,64815,0,1740,121.8,JB_ID10853
I_0473,05/23/22 14:53,77538,0,465,32.55,JB_ID10191
I_0474,05/23/22 17:24,14661,0,15,1.05,JB_ID10599
I_0475,05/23/22 17:37,97717,0,290,20.3,JB_ID10270
I_0476,05/23/22 20:32,79383,0,310,21.7,JB_ID11314
I_0477,05/23/22 20:42,33113,0,305,21.35,JB_ID10075
I_0478,05/23/22 21:03,82048,0,785,54.95,JB_ID11245
I_0479,05/23/22 22:33,70056,0,530,37.1,JB_ID10803
I_0480,05/24/22 01:11,96397,0,790,55.3,JB_ID10941
I_0481,05/24/22 03:45,17697,0,2000,140,JB_ID10320
I_0482,05/24/22 05:04,28,0,1880,131.6,JB_ID11185
I_0483,05/24/22 05:50,5937,0,235,16.45,JB_ID10064
I_0484,05/24/22 08:00,50184,0,1050,73.5,JB_ID11452
I_0485,05/24/22 10:05,65957,0,1275,89.25,JB_ID10901
I_0486,05/24/22 11:47,57610,0,755,52.85,JB_ID11363
I_0487,05/24/22 16:21,88037,0,2255,157.85,JB_ID10166
I_0488,05/24/22 16:51,1329,0,80,5.6,JB_ID10915
I_0489,05/24/22 17:10,79363,0,200,14,JB_ID10376
I_0490,05/24/22 19:05,51957,0,2850,199.5,JB_ID11085
I_0491,05/24/22 21:51,74788,0,75,5.25,JB_ID10002
I_0492,05/24/22 22:30,38701,0,2370,165.9,JB_ID10468
I_0493,05/24/22 22:54,71937,0,70,4.9,JB_ID11298
I_0494,05/25/22 00:21,56890,0,3460,242.2,JB_ID10917
I_0495,05/25/22 00:26,9582,0,3780,264.6,JB_ID10057
I_0496,05/25/22 01:10,14492,0,700,49,JB_ID10063
I_0497,05/25/22 02:24,50039,0,175,12.25,JB_ID10097
I_0498,05/25/22 02:27,53879,0,2180,152.6,JB_ID10443
I_0499,05/25/22 06:51,7621,0,1300,91,JB_ID10024
I_0500,05/25/22 12:39,5051,0,2675,187.25,JB_ID11128
I_0501,05/25/22 12:47,75718,0,3375,236.25,JB_ID11345
I_0502,05/25/22 18:17,62678,0,290,20.3,JB_ID11076
I_0503,05/25/22 20:06,76884,0,200,14,JB_ID10966
I_0504,05/25/22 20:58,23683,0,650,45.5,JB_ID10306
I_0505,05/25/22 21:04,6804,0,2950,206.5,JB_ID10194
I_0506,05/25/22 23:19,6344,0,3650,255.5,JB_ID10363
I_0507,05/26/22 01:57,90851,0,1625,113.75,JB_ID10960
I_0508,05/26/22 02:29,78713,0,550,38.5,JB_ID10743
I_0509,05/26/22 13:00,39710,0,1500,105,JB_ID10352
I_0510,05/26/22 13:56,9637,0,4655,325.85,JB_ID10335
I_0511,05/26/22 15:51,30587,0,15,1.05,JB_ID10892
I_0512,05/26/22 17:15,95791,0,245,17.15,JB_ID10258
I_0513,05/26/22 17:36,28589,0,215,15.05,JB_ID10369
I_0514,05/26/22 22:25,30724,0,905,63.35,JB_ID10061
I_0515,05/27/22 06:48,25699,0,2365,165.55,JB_ID11438
I_0516,05/27/22 09:48,86731,0,3005,210.35,JB_ID10476
I_0517,05/27/22 13:00,63148,0,3265,228.55,JB_ID10895
I_0518,05/27/22 21:27,71347,0,350,24.5,JB_ID11036
I_0519,05/27/22 22:17,85015,0,2885,201.95,JB_ID11231
I_0520,05/28/22 01:03,13236,0,2825,197.75,JB_ID10029
I_0521,05/28/22 03:27,57847,0,75,5.25,JB_ID10955
I_0522,05/28/22 04:26,4262,0,425,29.75,JB_ID10515
I_0523,05/28/22 07:14,40672,0,565,39.55,JB_ID10295
I_0524,05/28/22 22:22,20298,0,575,40.25,JB_ID11097
I_0525,05/29/22 08:49,38937,0,2050,143.5,JB_ID11195
I_0526,05/29/22 09:25,51066,0,2300,161,JB_ID10869
I_0527,05/29/22 17:23,10046,0,1010,70.7,JB_ID10251
I_0528,05/29/22 21:37,95235,0,1280,89.6,JB_ID10816
I_0529,05/30/22 12:56,97571,0,850,59.5,JB_ID10424
I_0530,05/30/22 14:50,89082,0,625,43.75,JB_ID10198
I_0531,05/30/22 15:59,17140,0,125,8.75,JB_ID11051
I_0532,05/30/22 16:13,8101,0,30,2.1,JB_ID10036
I_0533,05/30/22 17:08,60100,0,250,17.5,JB_ID10897
I_0534,05/30/22 18:42,15187,0,55,3.85,JB_ID11308
I_0535,05/30/22 20:05,16199,0,2680,187.6,JB_ID11037
I_0536,05/30/22 20:52,12624,0,515,36.05,JB_ID10902
I_0537,05/30/22 21:43,97211,0,2500,175,JB_ID11384
I_0538,05/30/22 22:47,63251,0,440,30.8,JB_ID10132
I_0539,05/30/22 22:57,45197,0,1210,84.7,JB_ID10814
I_0540,05/31/22 00:14,76971,0,1205,84.35,JB_ID11054
I_0541,05/31/22 00:23,18925,0,605,42.35,JB_ID10460
I_0542,05/31/22 01:06,18538,0,465,32.55,JB_ID10564
I_0543,05/31/22 01:31,40128,0,590,41.3,JB_ID11292
I_0544,05/31/22 01:36,67888,0,630,44.1,JB_ID10158
I_0545,05/31/22 03:07,17307,0,2355,164.85,JB_ID10482
I_0546,05/31/22 04:26,16677,0,2820,197.4,JB_ID10847
I_0547,05/31/22 05:46,21266,0,530,37.1,JB_ID10464
I_0548,05/31/22 07:29,53930,0,55,3.85,JB_ID10266
I_0549,05/31/22 07:32,11838,0,1165,81.55,JB_ID10053
I_0550,05/31/22 11:50,59860,0,2630,184.1,JB_ID10604
I_0551,05/31/22 12:55,77411,0,650,45.5,JB_ID11373
I_0552,05/31/22 13:54,76396,0,240,16.8,JB_ID10082
I_0553,05/31/22 17:14,76979,0,315,22.05,JB_ID10383
I_0554,05/31/22 21:40,17078,0,450,31.5,JB_ID10980
I_0555,05/31/22 23:06,35791,0,625,43.75,JB_ID10784
I_0556,06/01/22 01:16,21708,0,640,44.8,JB_ID11355
I_0557,06/01/22 01:25,66745,0,340,23.8,JB_ID10936
I_0558,06/01/22 02:20,8851,0,290,20.3,JB_ID10339
I_0559,06/01/22 05:41,2617,0,630,44.1,JB_ID11099
I_0560,06/01/22 06:04,93277,0,485,33.95,JB_ID11047
I_0561,06/01/22 08:44,83121,0,390,27.3,JB_ID10686
I_0562,06/01/22 08:56,54059,0,580,40.6,JB_ID11372
I_0563,06/01/22 09:02,40925,0,1100,77,JB_ID10291
I_0564,06/01/22 09:24,56735,0,990,69.3,JB_ID10909
I_0565,06/01/22 14:01,8340,0,550,38.5,JB_ID11277
I_0566,06/01/22 15:51,64412,0,860,60.2,JB_ID11422
I_0567,06/01/22 16:06,69261,0,850,59.5,JB_ID11042
I_0568,06/01/22 16:58,68152,0,940,65.8,JB_ID11109
I_0569,06/01/22 17:10,81719,0,565,39.55,JB_ID10406
I_0570,06/01/22 17:40,11210,0,1355,94.85,JB_ID11163
I_0571,06/01/22 17:54,15404,0,800,56,JB_ID10761
I_0572,06/01/22 20:59,29125,0,475,33.25,JB_ID10762
I_0573,06/02/22 00:04,89450,0,400,28,JB_ID11179
I_0574,06/02/22 00:59,90114,0,55,3.85,JB_ID10366
I_0575,06/02/22 03:33,73083,0,1465,102.55,JB_ID10903
I_0576,06/02/22 08:01,70024,0,410,28.7,JB_ID10606
I_0577,06/02/22 09:09,9242,0,2700,189,JB_ID10176
I_0578,06/02/22 13:03,26226,0,275,19.25,JB_ID10714
I_0579,06/02/22 15:15,25243,0,55,3.85,JB_ID10041
I_0580,06/02/22 17:34,41575,0,175,12.25,JB_ID11223
I_0581,06/02/22 18:35,50935,0,180,12.6,JB_ID11160
I_0582,06/02/22 21:58,74035,0,190,13.3,JB_ID10842
I_0583,06/02/22 22:50,53390,0,350,24.5,JB_ID11274
I_0584,06/03/22 04:45,60551,0,1460,102.2,JB_ID11370
I_0585,06/03/22 05:54,89783,0,2110,147.7,JB_ID10884
I_0586,06/03/22 09:01,96600,0,1060,74.2,JB_ID10498
I_0587,06/03/22 10:14,51838,0,475,33.25,JB_ID10610
I_0588,06/03/22 13:58,94612,0,560,39.2,JB_ID10307
I_0589,06/03/22 14:15,37099,0,100,7,JB_ID10104
I_0590,06/03/22 14:43,7986,0,175,12.25,JB_ID10906
I_0591,06/03/22 18:11,65823,0,180,12.6,JB_ID10359
I_0592,06/03/22 18:34,50858,0,905,63.35,JB_ID10071
I_0593,06/03/22 22:28,12522,0,4375,306.25,JB_ID10497
I_0594,06/03/22 23:07,14741,0,345,24.15,JB_ID10430
I_0595,06/03/22 23:13,6996,0,525,36.75,JB_ID11268
I_0596,06/04/22 10:33,69219,0,975,68.25,JB_ID11283
I_0597,06/04/22 13:02,99247,0,1910,133.7,JB_ID10496
I_0598,06/04/22 13:54,58979,0,720,50.4,JB_ID10397
I_0599,06/04/22 15:26,69487,0,1335,93.45,JB_ID10322
I_0600,06/04/22 16:59,98491,0,2335,163.45,JB_ID11250
I_0601,06/04/22 19:03,74381,0,590,41.3,JB_ID11374
I_0602,06/05/22 02:30,32988,0,1810,126.7,JB_ID11247
I_0603,06/05/22 03:28,50556,0,465,32.55,JB_ID10931
I_0604,06/05/22 09:41,28260,0,1265,88.55,JB_ID10989
I_0605,06/05/22 12:08,14480,0,4755,332.85,JB_ID11104
I_0606,06/06/22 12:56,79327,0,55,3.85,JB_ID11303
I_0607,06/06/22 14:07,67066,0,80,5.6,JB_ID11028
I_0608,06/06/22 14:43,83171,0,3555,248.85,JB_ID11412
I_0609,06/06/22 16:08,28847,0,250,17.5,JB_ID11150
I_0610,06/06/22 16:19,63225,0,125,8.75,JB_ID11404
I_0611,06/06/22 17:57,68067,0,180,12.6,JB_ID10125
I_0612,06/06/22 18:33,22969,0,205,14.35,JB_ID10618
I_0613,06/06/22 18:41,64210,0,15,1.05,JB_ID10088
I_0614,06/06/22 18:58,12497,0,2285,159.95,JB_ID10188
I_0615,06/06/22 19:27,12221,0,430,30.1,JB_ID10845
I_0616,06/06/22 19:41,52437,0,1335,93.45,JB_ID10018
I_0617,06/06/22 20:18,55734,0,2000,140,JB_ID11148
I_0618,06/06/22 20:40,89629,0,180,12.6,JB_ID10513
I_0619,06/06/22 21:26,66771,0,55,3.85,JB_ID11175
I_0620,06/06/22 22:05,99795,0,685,47.95,JB_ID10296
I_0621,06/06/22 22:45,99224,0,410,28.7,JB_ID10442
I_0622,06/06/22 23:15,93383,0,25,1.75,JB_ID10749
I_0623,06/06/22 23:34,63671,0,710,49.7,JB_ID10169
I_0624,06/06/22 23:58,86425,0,440,30.8,JB_ID10487
I_0625,06/07/22 02:04,98511,0,75,5.25,JB_ID10372
I_0626,06/07/22 03:13,64619,0,155,10.85,JB_ID10574
I_0627,06/07/22 05:06,6420,0,110,7.7,JB_ID11359
I_0628,06/07/22 07:34,46961,0,505,35.35,JB_ID10346
I_0629,06/07/22 07:56,33096,0,335,23.45,JB_ID10619
I_0630,06/07/22 08:10,12038,0,875,61.25,JB_ID11383
I_0631,06/07/22 09:12,43472,0,110,7.7,JB_ID11377
I_0632,06/07/22 10:19,47116,0,4915,344.05,JB_ID10787
I_0633,06/07/22 10:47,41234,0,4610,322.7,JB_ID11197
I_0634,06/07/22 10:48,16333,0,70,4.9,JB_ID11257
I_0635,06/07/22 11:32,78503,0,710,49.7,JB_ID10051
I_0636,06/07/22 11:54,12635,0,1050,73.5,JB_ID10944
I_0637,06/07/22 13:42,84151,0,3285,229.95,JB_ID10780
I_0638,06/07/22 15:29,27932,0,100,7,JB_ID10880
I_0639,06/07/22 21:46,21927,0,55,3.85,JB_ID10916
I_0640,06/07/22 21:57,11725,0,110,7.7,JB_ID10706
I_0641,06/07/22 22:49,71032,0,25,1.75,JB_ID10484
I_0642,06/08/22 01:08,35686,0,2180,152.6,JB_ID10167
I_0643,06/08/22 04:17,73921,0,3100,217,JB_ID11199
I_0644,06/08/22 04:19,94632,0,2000,140,JB_ID11497
I_0645,06/08/22 06:04,9672,0,1100,77,JB_ID10669
I_0646,06/08/22 08:38,20152,0,610,42.7,JB_ID11155
I_0647,06/08/22 10:21,95677,0,515,36.05,JB_ID10615
I_0648,06/08/22 12:31,88331,0,530,37.1,JB_ID10996
I_0649,06/08/22 14:36,41266,0,3425,239.75,JB_ID10077
I_0650,06/08/22 15:08,64919,0,2570,179.9,JB_ID10148
I_0651,06/08/22 17:52,54138,0,560,39.2,JB_ID10530
I_0652,06/08/22 20:24,95883,0,1300,91,JB_ID10570
I_0653,06/09/22 05:09,70432,0,330,23.1,JB_ID10429
I_0654,06/09/22 05:45,31978,0,1275,89.25,JB_ID10161
I_0655,06/09/22 06:13,95713,0,120,8.4,JB_ID10173
I_0656,06/09/22 08:28,33692,0,685,47.95,JB_ID11081
I_0657,06/09/22 10:38,19506,0,310,21.7,JB_ID10265
I_0658,06/09/22 10:39,15373,0,835,58.45,JB_ID11262
I_0659,06/09/22 16:15,90041,0,3150,220.5,JB_ID10812
I_0660,06/09/22 16:33,60996,0,1300,91,JB_ID10135
I_0661,06/10/22 00:12,42937,0,280,19.6,JB_ID10976
I_0662,06/10/22 03:09,83067,0,360,25.2,JB_ID11033
I_0663,06/10/22 04:38,38892,0,1650,115.5,JB_ID10436
I_0664,06/10/22 09:34,49476,0,535,37.45,JB_ID11129
I_0665,06/10/22 11:09,65590,0,3410,238.7,JB_ID11102
I_0666,06/10/22 14:15,40833,0,1100,77,JB_ID11381
I_0667,06/10/22 14:20,26190,0,2555,178.85,JB_ID10693
I_0668,06/10/22 16:33,88127,0,560,39.2,JB_ID11451
I_0669,06/10/22 16:40,20977,0,550,38.5,JB_ID10263
I_0670,06/10/22 16:57,65944,0,175,12.25,JB_ID10934
I_0671,06/10/22 17:38,84938,0,830,58.1,JB_ID10441
I_0672,06/10/22 18:07,6517,0,165,11.55,JB_ID11224
I_0673,06/10/22 22:11,64651,0,850,59.5,JB_ID11387
I_0674,06/11/22 01:57,10100,0,450,31.5,JB_ID11418
I_0675,06/11/22 04:17,2308,0,540,37.8,JB_ID10525
I_0676,06/11/22 13:34,35675,0,1055,73.85,JB_ID10183
I_0677,06/11/22 13:57,15672,0,1530,107.1,JB_ID10925
I_0678,06/11/22 15:43,638,0,2030,142.1,JB_ID10230
I_0679,06/11/22 17:18,94805,0,550,38.5,JB_ID10047
I_0680,06/12/22 10:00,19698,0,2630,184.1,JB_ID10179
I_0681,06/12/22 20:51,68798,0,3105,217.35,JB_ID10477
I_0682,06/13/22 14:20,80770,0,425,29.75,JB_ID10857
I_0683,06/13/22 15:18,45174,0,200,14,JB_ID10367
I_0684,06/13/22 15:47,20724,0,850,59.5,JB_ID10876
I_0685,06/13/22 15:59,60332,0,180,12.6,JB_ID10790
I_0686,06/13/22 16:17,19772,0,350,24.5,JB_ID10865
I_0687,06/13/22 18:21,20948,0,425,29.75,JB_ID10652
I_0688,06/13/22 19:07,16271,0,850,59.5,JB_ID10465
I_0689,06/13/22 19:24,97388,0,210,14.7,JB_ID10602
I_0690,06/13/22 20:19,48362,0,2000,140,JB_ID10016
I_0691,06/13/22 20:43,98904,0,200,14,JB_ID10547
I_0692,06/13/22 21:41,63546,0,2000,140,JB_ID10479
I_0693,06/13/22 21:58,32706,0,3150,220.5,JB_ID10375
I_0694,06/13/22 22:40,7979,0,155,10.85,JB_ID10928
I_0695,06/13/22 22:48,4323,0,435,30.45,JB_ID11180
I_0696,06/13/22 23:25,51890,0,255,17.85,JB_ID10155
I_0697,06/14/22 00:41,78094,0,355,24.85,JB_ID10321
I_0698,06/14/22 04:57,12955,0,230,16.1,JB_ID10670
I_0699,06/14/22 06:05,61663,0,1100,77,JB_ID10859
I_0700,06/14/22 09:27,19776,0,370,25.9,JB_ID10550
I_0701,06/14/22 11:27,34140,0,2100,147,JB_ID10698
I_0702,06/14/22 15:50,36975,0,180,12.6,JB_ID11254
I_0703,06/14/22 19:43,31159,0,325,22.75,JB_ID10242
I_0704,06/14/22 19:53,89991,0,590,41.3,JB_ID10447
I_0705,06/14/22 20:16,93246,0,365,25.55,JB_ID10297
I_0706,06/14/22 22:27,27425,0,655,45.85,JB_ID11069
I_0707,06/14/22 23:01,85732,0,630,44.1,JB_ID10221
I_0708,06/15/22 00:54,53391,0,1600,112,JB_ID11356
I_0709,06/15/22 01:16,98580,0,325,22.75,JB_ID10241
I_0710,06/15/22 09:47,47520,0,1220,85.4,JB_ID11238
I_0711,06/15/22 12:59,63135,0,180,12.6,JB_ID11490
I_0712,06/15/22 15:15,98099,0,4575,320.25,JB_ID10676
I_0713,06/15/22 15:19,57082,0,325,22.75,JB_ID10277
I_0714,06/15/22 17:48,62638,0,55,3.85,JB_ID10848
I_0715,06/15/22 18:38,89455,0,1345,94.15,JB_ID10939
I_0716,06/15/22 18:58,63487,0,3000,210,JB_ID10729
I_0717,06/15/22 20:26,85271,0,100,7,JB_ID11286
I_0718,06/15/22 23:16,65969,0,1315,92.05,JB_ID10665
I_0719,06/16/22 02:14,34061,0,690,48.3,JB_ID10388
I_0720,06/16/22 13:28,15508,0,625,43.75,JB_ID10537
I_0721,06/16/22 15:57,38530,0,175,12.25,JB_ID10521
I_0722,06/16/22 18:35,43779,0,450,31.5,JB_ID10340
I_0723,06/16/22 19:41,17134,0,450,31.5,JB_ID10358
I_0724,06/16/22 20:31,93475,0,1155,80.85,JB_ID10070
I_0725,06/16/22 22:04,18417,0,750,52.5,JB_ID11070
I_0726,06/16/22 23:07,61074,0,1160,81.2,JB_ID10627
I_0727,06/16/22 23:16,94351,0,75,5.25,JB_ID11196
I_0728,06/17/22 01:16,49673,0,235,16.45,JB_ID10704
I_0729,06/17/22 02:40,79720,0,1210,84.7,JB_ID10180
I_0730,06/17/22 03:08,5742,0,75,5.25,JB_ID10626
I_0731,06/17/22 03:18,86024,0,1190,83.3,JB_ID10129
I_0732,06/17/22 07:12,49055,0,370,25.9,JB_ID11287
I_0733,06/17/22 07:37,20537,0,910,63.7,JB_ID10846
I_0734,06/17/22 08:59,65173,0,1255,87.85,JB_ID10964
I_0735,06/17/22 13:01,86165,0,250,17.5,JB_ID11487
I_0736,06/17/22 14:37,19018,0,650,45.5,JB_ID11075
I_0737,06/17/22 16:03,28236,0,840,58.8,JB_ID11393
I_0738,06/17/22 18:54,62393,0,100,7,JB_ID10068
I_0739,06/17/22 20:16,9756,0,100,7,JB_ID11019
I_0740,06/17/22 20:56,57802,0,2275,159.25,JB_ID11005
I_0741,06/17/22 21:20,42369,0,610,42.7,JB_ID10085
I_0742,06/17/22 23:59,70526,0,375,26.25,JB_ID10058
I_0743,06/18/22 00:29,75477,0,330,23.1,JB_ID10067
I_0744,06/18/22 01:13,89397,0,530,37.1,JB_ID10079
I_0745,06/18/22 06:40,65972,0,950,66.5,JB_ID10072
I_0746,06/18/22 08:18,11874,0,480,33.6,JB_ID10837
I_0747,06/18/22 09:02,69513,0,495,34.65,JB_ID11351
I_0748,06/18/22 10:08,85701,0,2900,203,JB_ID10623
I_0749,06/18/22 12:12,99299,0,1900,133,JB_ID11200
I_0750,06/19/22 01:48,63088,0,3160,221.2,JB_ID11040
I_0751,06/19/22 22:50,33655,0,1980,138.6,JB_ID10421
I_0752,06/19/22 22:59,9510,0,1150,80.5,JB_ID11121
I_0753,06/20/22 06:19,39215,0,1600,112,JB_ID10819
I_0754,06/20/22 12:55,48653,0,80,5.6,JB_ID10461
I_0755,06/20/22 15:15,90495,0,80,5.6,JB_ID10292
I_0756,06/20/22 18:10,40269,0,1635,114.45,JB_ID10635
I_0757,06/20/22 18:56,4758,0,600,42,JB_ID10797
I_0758,06/20/22 19:08,43582,0,850,59.5,JB_ID10050
I_0759,06/20/22 19:47,6658,0,850,59.5,JB_ID10236
I_0760,06/20/22 19:51,9027,0,280,19.6,JB_ID10384
I_0761,06/20/22 20:31,91098,0,1610,112.7,JB_ID10718
I_0762,06/20/22 21:57,96132,0,110,7.7,JB_ID10244
I_0763,06/21/22 00:39,43829,0,850,59.5,JB_ID11149
I_0764,06/21/22 01:26,26815,0,300,21,JB_ID10740
I_0765,06/21/22 02:57,29429,0,355,24.85,JB_ID11468
I_0766,06/21/22 04:14,72486,0,350,24.5,JB_ID10830
I_0767,06/21/22 06:10,1682,0,2045,143.15,JB_ID10049
I_0768,06/21/22 07:36,79959,0,1565,109.55,JB_ID10021
I_0769,06/21/22 08:58,35352,0,1460,102.2,JB_ID11397
I_0770,06/21/22 08:59,59767,0,460,32.2,JB_ID10520
I_0771,06/21/22 09:01,75760,0,400,28,JB_ID10719
I_0772,06/21/22 12:24,76554,0,615,43.05,JB_ID10382
I_0773,06/21/22 13:13,36363,0,1300,91,JB_ID10216
I_0774,06/21/22 14:08,30641,0,870,60.9,JB_ID11123
I_0775,06/21/22 14:25,55513,0,230,16.1,JB_ID11410
I_0776,06/21/22 15:17,15421,0,525,36.75,JB_ID11280
I_0777,06/21/22 16:16,54346,0,15,1.05,JB_ID10815
I_0778,06/21/22 18:31,29113,0,200,14,JB_ID10551
I_0779,06/22/22 01:17,12672,0,650,45.5,JB_ID10080
I_0780,06/22/22 09:10,57095,0,1055,73.85,JB_ID11067
I_0781,06/22/22 11:07,86930,0,640,44.8,JB_ID11301
I_0782,06/22/22 11:33,22265,0,2710,189.7,JB_ID11368
I_0783,06/22/22 16:22,54956,0,675,47.25,JB_ID11332
I_0784,06/22/22 16:36,17336,0,605,42.35,JB_ID10151
I_0785,06/22/22 17:48,33203,0,2320,162.4,JB_ID11228
I_0786,06/22/22 18:42,80113,0,615,43.05,JB_ID10820
I_0787,06/22/22 18:48,9532,0,2655,185.85,JB_ID11358
I_0788,06/22/22 19:10,94953,0,1000,70,JB_ID11499
I_0789,06/22/22 19:13,70163,0,1255,87.85,JB_ID10836
I_0790,06/22/22 19:49,10410,0,1780,124.6,JB_ID11349
I_0791,06/22/22 19:53,33852,0,705,49.35,JB_ID11307
I_0792,06/22/22 20:21,53779,0,960,67.2,JB_ID11143
I_0793,06/22/22 20:53,3482,0,450,31.5,JB_ID11269
I_0794,06/22/22 22:28,26898,0,3275,229.25,JB_ID10650
I_0795,06/23/22 00:46,64202,0,365,25.55,JB_ID10581
I_0796,06/23/22 02:58,1838,0,75,5.25,JB_ID10662
I_0797,06/23/22 06:30,45725,0,510,35.7,JB_ID10281
I_0798,06/23/22 11:07,8326,0,950,66.5,JB_ID10617
I_0799,06/23/22 13:51,85124,0,180,12.6,JB_ID10109
I_0800,06/23/22 14:03,26767,0,260,18.2,JB_ID10469
I_0801,06/23/22 14:34,97085,0,100,7,JB_ID11226
I_0802,06/23/22 16:20,27908,0,175,12.25,JB_ID11030
I_0803,06/23/22 19:33,41367,0,850,59.5,JB_ID11168
I_0804,06/23/22 21:08,31383,0,2575,180.25,JB_ID10594
I_0805,06/23/22 21:09,74787,0,100,7,JB_ID10768
I_0806,06/23/22 22:01,74575,0,2565,179.55,JB_ID11325
I_0807,06/23/22 22:45,34886,0,255,17.85,JB_ID11392
I_0808,06/24/22 05:08,95095,0,920,64.4,JB_ID11473
I_0809,06/24/22 06:42,60871,0,2145,150.15,JB_ID10957
I_0810,06/24/22 07:24,41596,0,305,21.35,JB_ID10473
I_0811,06/24/22 08:41,19983,0,325,22.75,JB_ID10177
I_0812,06/24/22 11:20,86849,0,530,37.1,JB_ID11267
I_0813,06/24/22 13:14,92283,0,390,27.3,JB_ID10351
I_0814,06/24/22 14:03,72304,0,2610,182.7,JB_ID10984
I_0815,06/24/22 15:45,88982,0,3335,233.45,JB_ID10535
I_0816,06/24/22 17:33,70974,0,100,7,JB_ID10003
I_0817,06/24/22 19:19,58322,0,265,18.55,JB_ID10433
I_0818,06/24/22 20:02,44532,0,360,25.2,JB_ID10066
I_0819,06/24/22 23:10,38497,0,1050,73.5,JB_ID10531
I_0820,06/25/22 00:13,11555,0,850,59.5,JB_ID10399
I_0821,06/25/22 00:23,74738,0,450,31.5,JB_ID10863
I_0822,06/25/22 02:48,79763,0,3460,242.2,JB_ID10062
I_0823,06/25/22 05:03,26217,0,530,37.1,JB_ID11448
I_0824,06/25/22 05:38,21361,0,210,14.7,JB_ID11450
I_0825,06/25/22 09:30,92115,0,1420,99.4,JB_ID11419
I_0826,06/25/22 12:51,87323,0,3500,245,JB_ID10042
I_0827,06/25/22 20:41,7359,0,2775,194.25,JB_ID10149
I_0828,06/25/22 20:51,61469,0,320,22.4,JB_ID10373
I_0829,06/26/22 01:05,57758,0,730,51.1,JB_ID10219
I_0830,06/26/22 01:53,13436,0,1705,119.35,JB_ID10304
I_0831,06/26/22 20:50,88873,0,2160,151.2,JB_ID11488
I_0832,06/27/22 15:48,49192,0,175,12.25,JB_ID10124
I_0833,06/27/22 16:53,84918,0,90,6.3,JB_ID11146
I_0834,06/27/22 17:56,56962,0,375,26.25,JB_ID11466
I_0835,06/27/22 19:05,53368,0,700,49,JB_ID10101
I_0836,06/27/22 19:09,86980,0,1025,71.75,JB_ID10801
I_0837,06/27/22 20:19,51591,0,1100,77,JB_ID10276
I_0838,06/27/22 21:36,26862,0,850,59.5,JB_ID10396
I_0839,06/27/22 23:17,54600,0,110,7.7,JB_ID11275
I_0840,06/28/22 08:36,89147,0,495,34.65,JB_ID10385
I_0841,06/28/22 11:43,40204,0,55,3.85,JB_ID11290
I_0842,06/28/22 11:49,9077,0,405,28.35,JB_ID11000
I_0843,06/28/22 13:13,60717,0,250,17.5,JB_ID11017
I_0844,06/28/22 14:23,10375,0,1670,116.9,JB_ID11261
I_0845,06/28/22 14:36,64477,0,780,54.6,JB_ID10774
I_0846,06/28/22 19:09,96944,0,2710,189.7,JB_ID11071
I_0847,06/28/22 20:32,57149,0,240,16.8,JB_ID10986
I_0848,06/28/22 20:48,15408,0,2025,141.75,JB_ID11115
I_0849,06/28/22 22:28,90522,0,855,59.85,JB_ID11079
I_0850,06/28/22 23:33,70122,0,2100,147,JB_ID10563
I_0851,06/29/22 00:15,90991,0,780,54.6,JB_ID10559
I_0852,06/29/22 02:10,40801,0,910,63.7,JB_ID11252
I_0853,06/29/22 05:00,71473,0,1180,82.6,JB_ID10131
I_0854,06/29/22 09:57,7227,0,2025,141.75,JB_ID10510
I_0855,06/29/22 14:20,29748,0,175,12.25,JB_ID10055
I_0856,06/29/22 16:06,21870,0,210,14.7,JB_ID10705
I_0857,06/29/22 16:54,6828,0,580,40.6,JB_ID11064
I_0858,06/29/22 17:42,82442,0,1400,98,JB_ID10786
I_0859,06/29/22 19:21,5420,0,150,10.5,JB_ID11073
I_0860,06/29/22 20:37,5399,0,570,39.9,JB_ID10868
I_0861,06/29/22 23:05,93151,0,115,8.05,JB_ID10974
I_0862,06/30/22 01:17,88434,0,2925,204.75,JB_ID10048
I_0863,06/30/22 01:25,34038,0,2110,147.7,JB_ID10069
I_0864,06/30/22 05:04,48046,0,350,24.5,JB_ID10466
I_0865,06/30/22 06:40,46200,0,185,12.95,JB_ID10940
I_0866,06/30/22 07:38,83772,0,1030,72.1,JB_ID10614
I_0867,06/30/22 08:53,39342,0,2080,145.6,JB_ID11144
I_0868,06/30/22 12:37,5841,0,80,5.6,JB_ID10457
I_0869,06/30/22 13:53,90877,0,120,8.4,JB_ID10690
I_0870,06/30/22 15:27,24121,0,235,16.45,JB_ID11454
I_0871,06/30/22 17:24,3985,0,1100,77,JB_ID10111
I_0872,06/30/22 17:44,32105,0,830,58.1,JB_ID11246
I_0873,06/30/22 19:24,29559,0,55,3.85,JB_ID11207
I_0874,07/01/22 01:35,91731,0,1575,110.25,JB_ID11214
I_0875,07/01/22 02:13,85683,0,550,38.5,JB_ID10691
I_0876,07/01/22 05:53,97510,0,3100,217,JB_ID10007
I_0877,07/01/22 06:39,37518,0,845,59.15,JB_ID10164
I_0878,07/01/22 07:17,66576,0,2555,178.85,JB_ID10481
I_0879,07/01/22 07:23,21878,0,1350,94.5,JB_ID10267
I_0880,07/01/22 11:02,30985,0,950,66.5,JB_ID11133
I_0881,07/01/22 15:28,12988,0,175,12.25,JB_ID10171
I_0882,07/01/22 16:03,10653,0,890,62.3,JB_ID10208
I_0883,07/01/22 17:36,42598,0,760,53.2,JB_ID10861
I_0884,07/01/22 18:56,32585,0,710,49.7,JB_ID10114
I_0885,07/01/22 23:49,29839,0,2600,182,JB_ID11045
I_0886,07/02/22 07:30,96942,0,550,38.5,JB_ID11335
I_0887,07/02/22 21:34,42813,0,480,33.6,JB_ID10716
I_0888,07/03/22 06:15,72025,0,1235,86.45,JB_ID10849
I_0889,07/03/22 08:03,59612,0,575,40.25,JB_ID10098
I_0890,07/04/22 10:12,11798,0,1900,133,JB_ID10190
I_0891,07/04/22 14:18,12250,0,80,5.6,JB_ID11152
I_0892,07/04/22 14:51,40178,0,950,66.5,JB_ID10720
I_0893,07/04/22 15:31,51926,0,110,7.7,JB_ID10435
I_0894,07/04/22 16:12,73082,0,55,3.85,JB_ID10677
I_0895,07/04/22 16:28,77804,0,305,21.35,JB_ID11403
I_0896,07/04/22 16:37,65072,0,180,12.6,JB_ID10205
I_0897,07/04/22 16:54,17711,0,850,59.5,JB_ID11446
I_0898,07/04/22 17:31,44877,0,55,3.85,JB_ID11321
I_0899,07/04/22 18:42,27693,0,75,5.25,JB_ID11107
I_0900,07/04/22 19:04,2281,0,850,59.5,JB_ID10978
I_0901,07/04/22 19:27,46079,0,425,29.75,JB_ID11072
I_0902,07/04/22 20:57,2821,0,360,25.2,JB_ID10143
I_0903,07/04/22 22:33,82492,0,180,12.6,JB_ID10882
I_0904,07/04/22 23:29,60049,0,1265,88.55,JB_ID10752
I_0905,07/05/22 01:39,61223,0,310,21.7,JB_ID11101
I_0906,07/05/22 02:59,25292,0,2175,152.25,JB_ID10953
I_0907,07/05/22 03:50,46883,0,1780,124.6,JB_ID10038
I_0908,07/05/22 03:52,21796,0,885,61.95,JB_ID11385
I_0909,07/05/22 04:58,57357,0,560,39.2,JB_ID10854
I_0910,07/05/22 06:29,11035,0,310,21.7,JB_ID10156
I_0911,07/05/22 07:43,3961,0,2270,158.9,JB_ID11405
I_0912,07/05/22 07:57,59793,0,275,19.25,JB_ID11141
I_0913,07/05/22 10:29,60107,0,410,28.7,JB_ID10355
I_0914,07/05/22 14:23,1066,0,355,24.85,JB_ID10331
I_0915,07/05/22 16:42,66308,0,1585,110.95,JB_ID11258
I_0916,07/05/22 17:14,44543,0,3310,231.7,JB_ID10823
I_0917,07/05/22 19:16,44071,0,1030,72.1,JB_ID10350
I_0918,07/05/22 19:49,39669,0,1450,101.5,JB_ID11482
I_0919,07/05/22 22:03,34584,0,2730,191.1,JB_ID10647
I_0920,07/05/22 22:12,11627,0,200,14,JB_ID10684
I_0921,07/05/22 22:26,6175,0,525,36.75,JB_ID11346
I_0922,07/06/22 04:00,1832,0,320,22.4,JB_ID10987
I_0923,07/06/22 05:24,7666,0,2820,197.4,JB_ID10495
I_0924,07/06/22 06:09,75275,0,375,26.25,JB_ID10969
I_0925,07/06/22 07:26,82097,0,190,13.3,JB_ID11309
I_0926,07/06/22 08:29,68674,0,390,27.3,JB_ID10455
I_0927,07/06/22 09:06,71335,0,110,7.7,JB_ID10389
I_0928,07/06/22 09:32,52754,0,1100,77,JB_ID11461
I_0929,07/06/22 12:39,49039,0,175,12.25,JB_ID11295
I_0930,07/06/22 13:10,54816,0,645,45.15,JB_ID10532
I_0931,07/06/22 15:46,23698,0,25,1.75,JB_ID11204
I_0932,07/06/22 17:21,10814,0,190,13.3,JB_ID10400
I_0933,07/06/22 17:49,43045,0,780,54.6,JB_ID11013
I_0934,07/06/22 21:11,34166,0,420,29.4,JB_ID10278
I_0935,07/06/22 21:23,67653,0,385,26.95,JB_ID11240
I_0936,07/07/22 01:19,31193,0,310,21.7,JB_ID11048
I_0937,07/07/22 03:03,28163,0,2750,192.5,JB_ID11087
I_0938,07/07/22 05:37,23702,0,600,42,JB_ID10715
I_0939,07/07/22 06:34,13218,0,960,67.2,JB_ID11338
I_0940,07/07/22 09:42,33229,0,675,47.25,JB_ID10692
I_0941,07/07/22 11:31,9029,0,15,1.05,JB_ID10345
I_0942,07/07/22 16:36,92277,0,180,12.6,JB_ID10386
I_0943,07/07/22 16:40,59215,0,485,33.95,JB_ID11086
I_0944,07/07/22 16:48,69117,0,600,42,JB_ID11470
I_0945,07/08/22 00:03,74695,0,390,27.3,JB_ID10943
I_0946,07/08/22 01:46,14480,0,610,42.7,JB_ID10879
I_0947,07/08/22 02:16,45235,0,1550,108.5,JB_ID10146
I_0948,07/08/22 04:49,81126,0,2960,207.2,JB_ID10445
I_0949,07/08/22 04:50,31165,0,290,20.3,JB_ID11476
I_0950,07/08/22 06:00,68100,0,700,49,JB_ID10518
I_0951,07/08/22 06:44,44543,0,3380,236.6,JB_ID10739
I_0952,07/08/22 07:42,62573,0,600,42,JB_ID10630
I_0953,07/08/22 08:24,95660,0,365,25.55,JB_ID10305
I_0954,07/08/22 11:26,11532,0,1080,75.6,JB_ID10963
I_0955,07/08/22 12:30,4789,0,745,52.15,JB_ID11367
I_0956,07/08/22 13:29,83799,0,4675,327.25,JB_ID10832
I_0957,07/08/22 14:58,48153,0,690,48.3,JB_ID11090
I_0958,07/08/22 16:34,34154,0,565,39.55,JB_ID11137
I_0959,07/08/22 18:17,92335,0,135,9.45,JB_ID10651
I_0960,07/08/22 20:35,22585,0,630,44.1,JB_ID11495
I_0961,07/09/22 06:48,77296,0,255,17.85,JB_ID10572
I_0962,07/09/22 09:21,47850,0,2210,154.7,JB_ID10745
I_0963,07/09/22 19:16,31009,0,685,47.95,JB_ID10037
I_0964,07/10/22 04:57,32115,0,1155,80.85,JB_ID10402
I_0965,07/10/22 14:28,11084,0,1310,91.7,JB_ID10517
I_0966,07/10/22 16:02,45276,0,2025,141.75,JB_ID11472
I_0967,07/11/22 11:23,66690,0,165,11.55,JB_ID10591
I_0968,07/11/22 12:05,50395,0,180,12.6,JB_ID10405
I_0969,07/11/22 14:03,49090,0,100,7,JB_ID10600
I_0970,07/11/22 16:38,88606,0,175,12.25,JB_ID11354
I_0971,07/11/22 17:24,87837,0,15,1.05,JB_ID11192
I_0972,07/11/22 18:39,99592,0,330,23.1,JB_ID10504
I_0973,07/11/22 19:49,75644,0,845,59.15,JB_ID10883
I_0974,07/11/22 21:39,95713,0,450,31.5,JB_ID10553
I_0975,07/11/22 22:48,65422,0,180,12.6,JB_ID10446
I_0976,07/12/22 00:33,39064,0,525,36.75,JB_ID11348
I_0977,07/12/22 00:42,66413,0,340,23.8,JB_ID11194
I_0978,07/12/22 00:56,38840,0,200,14,JB_ID10246
I_0979,07/12/22 01:04,558,0,105,7.35,JB_ID10965
I_0980,07/12/22 01:45,23435,0,2365,165.55,JB_ID10353
I_0981,07/12/22 07:25,37972,0,305,21.35,JB_ID10303
I_0982,07/12/22 08:10,16712,0,560,39.2,JB_ID10831
I_0983,07/12/22 08:19,23323,0,1800,126,JB_ID11313
I_0984,07/12/22 09:11,25594,0,1735,121.45,JB_ID10569
I_0985,07/12/22 09:35,87219,0,2070,144.9,JB_ID10679
I_0986,07/12/22 10:33,72549,0,655,45.85,JB_ID10641
I_0987,07/12/22 11:01,77966,0,760,53.2,JB_ID11447
I_0988,07/12/22 17:16,71612,0,385,26.95,JB_ID10136
I_0989,07/12/22 19:27,12285,0,600,42,JB_ID10529
I_0990,07/12/22 20:13,59099,0,2000,140,JB_ID11055
I_0991,07/12/22 20:25,71472,0,210,14.7,JB_ID10119
I_0992,07/12/22 20:48,20541,0,210,14.7,JB_ID10646
I_0993,07/12/22 23:21,60877,0,430,30.1,JB_ID10872
I_0994,07/13/22 07:22,17342,0,2955,206.85,JB_ID10597
I_0995,07/13/22 08:45,2347,0,400,28,JB_ID11236
I_0996,07/13/22 13:13,10397,0,810,56.7,JB_ID11243
I_0997,07/13/22 13:14,86617,0,3680,257.6,JB_ID10432
I_0998,07/13/22 13:42,39022,0,3625,253.75,JB_ID10613
I_0999,07/13/22 15:11,21054,0,220,15.4,JB_ID11018
I_1000,07/13/22 15:17,65298,0,1115,78.05,JB_ID10956
I_1001,07/13/22 16:33,22947,0,1100,77,JB_ID10470
I_1002,07/13/22 23:13,70433,0,1100,77,JB_ID10387
I_1003,07/14/22 00:30,36342,0,1010,70.7,JB_ID10134
I_1004,07/14/22 00:45,86234,0,1040,72.8,JB_ID11440
I_1005,07/14/22 08:10,71238,0,1885,131.95,JB_ID10772
I_1006,07/14/22 08:47,90562,0,1100,77,JB_ID10027
I_1007,07/14/22 11:04,98510,0,960,67.2,JB_ID11416
I_1008,07/14/22 14:47,99712,0,1060,74.2,JB_ID10926
I_1009,07/14/22 15:03,5556,0,135,9.45,JB_ID10185
I_1010,07/14/22 18:37,16015,0,55,3.85,JB_ID10272
I_1011,07/14/22 22:34,53742,0,1040,72.8,JB_ID11068
I_1012,07/15/22 03:18,54466,0,1165,81.55,JB_ID10019
I_1013,07/15/22 07:26,77233,0,795,55.65,JB_ID11361
I_1014,07/15/22 08:38,24397,0,885,61.95,JB_ID10726
I_1015,07/15/22 11:06,88023,0,1710,119.7,JB_ID10112
I_1016,07/15/22 11:33,63155,0,960,67.2,JB_ID11147
I_1017,07/15/22 11:43,53067,0,15,1.05,JB_ID10993
I_1018,07/15/22 16:20,21929,0,55,3.85,JB_ID10633
I_1019,07/15/22 16:31,80843,0,575,40.25,JB_ID11215
I_1020,07/15/22 17:25,48016,0,550,38.5,JB_ID10524
I_1021,07/15/22 17:39,11463,0,850,59.5,JB_ID10810
I_1022,07/15/22 19:08,45400,0,645,45.15,JB_ID11029
I_1023,07/15/22 21:43,37296,0,805,56.35,JB_ID11131
I_1024,07/15/22 23:32,10254,0,2990,209.3,JB_ID11411
I_1025,07/16/22 02:40,36397,0,3085,215.95,JB_ID11060
I_1026,07/16/22 04:32,65067,0,3030,212.1,JB_ID11305
I_1027,07/16/22 05:55,38220,0,75,5.25,JB_ID10502
I_1028,07/16/22 06:28,39439,0,205,14.35,JB_ID10486
I_1029,07/16/22 12:17,57734,0,420,29.4,JB_ID10410
I_1030,07/16/22 14:56,14728,0,1135,79.45,JB_ID11188
I_1031,07/16/22 18:18,6255,0,1625,113.75,JB_ID10595
I_1032,07/16/22 20:34,88725,0,210,14.7,JB_ID10664
I_1033,07/16/22 21:17,49052,0,580,40.6,JB_ID11050
I_1034,07/16/22 21:55,83013,0,1550,108.5,JB_ID10653
I_1035,07/16/22 23:07,66284,0,575,40.25,JB_ID10086
I_1036,07/17/22 10:07,84863,0,775,54.25,JB_ID10271
I_1037,07/17/22 13:49,85503,0,2835,198.45,JB_ID11189
I_1038,07/17/22 20:05,48120,0,700,49,JB_ID11462
I_1039,07/17/22 22:46,65758,0,585,40.95,JB_ID11007
I_1040,07/18/22 02:09,11041,0,730,51.1,JB_ID11444
I_1041,07/18/22 04:23,30291,0,550,38.5,JB_ID10666
I_1042,07/18/22 06:32,15927,0,550,38.5,JB_ID11083
I_1043,07/18/22 17:00,11950,0,675,47.25,JB_ID10282
I_1044,07/18/22 17:46,98930,0,3510,245.7,JB_ID11173
I_1045,07/18/22 18:51,75798,0,200,14,JB_ID10439
I_1046,07/18/22 19:40,42879,0,200,14,JB_ID10862
I_1047,07/19/22 00:14,73168,0,125,8.75,JB_ID10318
I_1048,07/19/22 06:34,41052,0,1100,77,JB_ID10839
I_1049,07/19/22 08:36,88253,0,1015,71.05,JB_ID11465
I_1050,07/19/22 09:09,58800,0,1365,95.55,JB_ID10103
I_1051,07/19/22 12:28,67941,0,2210,154.7,JB_ID10802
I_1052,07/19/22 13:03,18345,0,400,28,JB_ID10528
I_1053,07/19/22 14:22,68200,0,600,42,JB_ID10757
I_1054,07/19/22 15:14,81267,0,940,65.8,JB_ID10294
I_1055,07/19/22 17:01,68691,0,325,22.75,JB_ID11140
I_1056,07/19/22 17:16,97612,0,890,62.3,JB_ID10485
I_1057,07/19/22 19:18,65950,0,1725,120.75,JB_ID10217
I_1058,07/19/22 19:57,53697,0,225,15.75,JB_ID10223
I_1059,07/19/22 20:59,40655,0,2830,198.1,JB_ID10736
I_1060,07/19/22 22:27,41485,0,2325,162.75,JB_ID11171
I_1061,07/19/22 23:26,83326,0,2365,165.55,JB_ID10144
I_1062,07/20/22 02:46,89726,0,755,52.85,JB_ID11023
I_1063,07/20/22 03:37,59529,0,650,45.5,JB_ID11218
I_1064,07/20/22 05:01,44086,0,760,53.2,JB_ID11082
I_1065,07/20/22 07:03,12309,0,55,3.85,JB_ID10046
I_1066,07/20/22 09:44,96305,0,305,21.35,JB_ID11130
I_1067,07/20/22 10:20,40907,0,3490,244.3,JB_ID10426
I_1068,07/20/22 12:00,21792,0,260,18.2,JB_ID10106
I_1069,07/20/22 15:06,30791,0,65,4.55,JB_ID10374
I_1070,07/20/22 19:04,83596,0,180,12.6,JB_ID10890
I_1071,07/20/22 19:28,75192,0,400,28,JB_ID10809
I_1072,07/21/22 01:24,67691,0,245,17.15,JB_ID11433
I_1073,07/21/22 02:23,41197,0,530,37.1,JB_ID11206
I_1074,07/21/22 03:25,5930,0,1465,102.55,JB_ID10798
I_1075,07/21/22 03:48,50522,0,1775,124.25,JB_ID10808
I_1076,07/21/22 09:21,82634,0,1180,82.6,JB_ID10730
I_1077,07/21/22 15:45,7203,0,15,1.05,JB_ID11279
I_1078,07/21/22 18:08,72863,0,100,7,JB_ID11317
I_1079,07/21/22 22:39,54291,0,2600,182,JB_ID10122
I_1080,07/22/22 02:19,75622,0,615,43.05,JB_ID10090
I_1081,07/22/22 04:41,79031,0,2940,205.8,JB_ID10671
I_1082,07/22/22 06:58,12695,0,935,65.45,JB_ID10776
I_1083,07/22/22 11:18,90392,0,285,19.95,JB_ID11176
I_1084,07/22/22 12:12,55927,0,1525,106.75,JB_ID11360
I_1085,07/22/22 17:11,79131,0,375,26.25,JB_ID10583
I_1086,07/22/22 17:39,17126,0,200,14,JB_ID10478
I_1087,07/23/22 00:35,71218,0,25,1.75,JB_ID10981
I_1088,07/23/22 01:16,62657,0,280,19.6,JB_ID10028
I_1089,07/23/22 10:33,10519,0,155,10.85,JB_ID10285
I_1090,07/23/22 11:48,8111,0,2255,157.85,JB_ID11494
I_1091,07/23/22 12:31,83964,0,4790,335.3,JB_ID10360
I_1092,07/23/22 18:03,87594,0,4775,334.25,JB_ID10961
I_1093,07/24/22 11:27,2758,0,635,44.45,JB_ID10056
I_1094,07/24/22 20:58,77278,0,520,36.4,JB_ID10538
I_1095,07/25/22 03:58,99354,0,3230,226.1,JB_ID10140
I_1096,07/25/22 10:53,23231,0,1125,78.75,JB_ID10794
I_1097,07/25/22 12:49,56168,0,110,7.7,JB_ID11201
I_1098,07/25/22 14:11,1525,0,600,42,JB_ID10589
I_1099,07/25/22 15:17,9480,0,325,22.75,JB_ID11027
I_1100,07/25/22 15:21,19920,0,605,42.35,JB_ID11327
I_1101,07/25/22 16:55,99870,0,140,9.8,JB_ID11278
I_1102,07/26/22 01:07,58464,0,1055,73.85,JB_ID11035
I_1103,07/26/22 01:58,27723,0,1560,109.2,JB_ID10792
I_1104,07/26/22 03:14,23693,0,1280,89.6,JB_ID11371
I_1105,07/26/22 04:31,69512,0,565,39.55,JB_ID10238
I_1106,07/26/22 04:51,93438,0,600,42,JB_ID11485
I_1107,07/26/22 04:52,77829,0,560,39.2,JB_ID10562
I_1108,07/26/22 07:13,57914,0,4950,346.5,JB_ID10178
I_1109,07/26/22 07:27,39221,0,710,49.7,JB_ID10788
I_1110,07/26/22 10:05,13465,0,55,3.85,JB_ID10701
I_1111,07/26/22 13:50,42513,0,110,7.7,JB_ID10526
I_1112,07/26/22 15:20,4016,0,100,7,JB_ID10333
I_1113,07/26/22 18:04,70052,0,115,8.05,JB_ID10864
I_1114,07/26/22 19:09,9211,0,100,7,JB_ID10391
I_1115,07/26/22 19:17,50002,0,100,7,JB_ID11118
I_1116,07/26/22 22:58,85288,0,920,64.4,JB_ID10428
I_1117,07/27/22 03:12,36318,0,350,24.5,JB_ID10020
I_1118,07/27/22 03:53,55098,0,1110,77.7,JB_ID10160
I_1119,07/27/22 06:18,27965,0,2775,194.25,JB_ID10284
I_1120,07/27/22 08:49,9971,0,510,35.7,JB_ID10566
I_1121,07/27/22 10:43,12617,0,2465,172.55,JB_ID11135
I_1122,07/27/22 17:58,12290,0,850,59.5,JB_ID10314
I_1123,07/27/22 21:03,55443,0,350,24.5,JB_ID11014
I_1124,07/28/22 01:07,51781,0,1100,77,JB_ID10933
I_1125,07/28/22 03:11,55370,0,1130,79.1,JB_ID10434
I_1126,07/28/22 07:07,54139,0,905,63.35,JB_ID10300
I_1127,07/28/22 07:21,1988,0,1100,77,JB_ID10199
I_1128,07/28/22 11:32,30047,0,500,35,JB_ID11225
I_1129,07/28/22 12:13,3820,0,980,68.6,JB_ID10907
I_1130,07/28/22 14:08,68235,0,2900,203,JB_ID10878
I_1131,07/28/22 18:34,75934,0,1300,91,JB_ID10431
I_1132,07/28/22 20:10,51621,0,1175,82.25,JB_ID10841
I_1133,07/28/22 20:48,95096,0,790,55.3,JB_ID11187
I_1134,07/28/22 21:28,53290,0,2200,154,JB_ID10211
I_1135,07/29/22 00:22,10491,0,355,24.85,JB_ID10867
I_1136,07/29/22 01:00,1744,0,350,24.5,JB_ID10918
I_1137,07/29/22 02:41,76130,0,1600,112,JB_ID10010
I_1138,07/29/22 09:11,35451,0,1060,74.2,JB_ID10585
I_1139,07/29/22 12:22,20585,0,1020,71.4,JB_ID10059
I_1140,07/29/22 14:22,11732,0,285,19.95,JB_ID11312
I_1141,07/29/22 20:08,67129,0,245,17.15,JB_ID10039
I_1142,07/30/22 00:09,25995,0,110,7.7,JB_ID10673
I_1143,07/30/22 00:37,878,0,825,57.75,JB_ID10644
I_1144,07/30/22 02:47,20251,0,950,66.5,JB_ID11120
I_1145,07/30/22 03:29,27805,0,505,35.35,JB_ID11311
I_1146,07/30/22 06:32,95906,0,2250,157.5,JB_ID10493
I_1147,07/31/22 16:09,48056,0,490,34.3,JB_ID10900
I_1148,08/01/22 06:05,70283,0,950,66.5,JB_ID11492
I_1149,08/01/22 14:09,37744,0,25,1.75,JB_ID10243
I_1150,08/01/22 15:05,27632,0,250,17.5,JB_ID11464
I_1151,08/01/22 15:26,6409,0,80,5.6,JB_ID11315
I_1152,08/01/22 16:22,3545,0,100,7,JB_ID10213
I_1153,08/01/22 17:01,57538,0,110,7.7,JB_ID10209
I_1154,08/01/22 18:49,3020,0,530,37.1,JB_ID10147
I_1155,08/01/22 22:20,81382,0,2600,182,JB_ID10655
I_1156,08/01/22 23:14,58175,0,365,25.55,JB_ID11038
I_1157,08/01/22 23:24,26975,0,180,12.6,JB_ID11065
I_1158,08/02/22 01:38,14537,0,75,5.25,JB_ID10452
I_1159,08/02/22 02:15,85105,0,550,38.5,JB_ID10170
I_1160,08/02/22 03:17,13396,0,2310,161.7,JB_ID10554
I_1161,08/02/22 04:46,4601,0,75,5.25,JB_ID10337
I_1162,08/02/22 09:56,45297,0,850,59.5,JB_ID10392
I_1163,08/02/22 11:45,92729,0,2285,159.95,JB_ID10962
I_1164,08/02/22 13:23,86473,0,845,59.15,JB_ID10234
I_1165,08/02/22 22:07,536,0,2710,189.7,JB_ID10261
I_1166,08/02/22 22:16,68760,0,315,22.05,JB_ID10222
I_1167,08/02/22 22:26,19735,0,210,14.7,JB_ID10781
I_1168,08/02/22 23:11,25868,0,2765,193.55,JB_ID10412
I_1169,08/03/22 03:54,18529,0,580,40.6,JB_ID10115
I_1170,08/03/22 04:14,66175,0,55,3.85,JB_ID11020
I_1171,08/03/22 04:30,69980,0,3450,241.5,JB_ID11458
I_1172,08/03/22 05:41,78941,0,235,16.45,JB_ID10225
I_1173,08/03/22 06:20,12855,0,2220,155.4,JB_ID10045
I_1174,08/03/22 06:57,21284,0,530,37.1,JB_ID10608
I_1175,08/03/22 18:24,8120,0,780,54.6,JB_ID11415
I_1176,08/03/22 20:50,36312,0,2500,175,JB_ID11255
I_1177,08/03/22 20:53,27944,0,3085,215.95,JB_ID10201
I_1178,08/03/22 23:45,15100,0,3000,210,JB_ID10910
I_1179,08/04/22 00:57,25746,0,1970,137.9,JB_ID10411
I_1180,08/04/22 03:16,79888,0,2500,175,JB_ID11239
I_1181,08/04/22 07:11,39141,0,1175,82.25,JB_ID11016
I_1182,08/04/22 17:12,36877,0,180,12.6,JB_ID11004
I_1183,08/04/22 17:42,33702,0,1875,131.25,JB_ID10985
I_1184,08/04/22 21:01,59477,0,100,7,JB_ID11057
I_1185,08/05/22 00:44,838,0,1100,77,JB_ID10657
I_1186,08/05/22 01:35,80229,0,605,42.35,JB_ID10737
I_1187,08/05/22 04:40,56489,0,550,38.5,JB_ID10634
I_1188,08/05/22 07:08,58046,0,950,66.5,JB_ID10017
I_1189,08/05/22 10:42,68180,0,1115,78.05,JB_ID11078
I_1190,08/05/22 16:39,44560,0,600,42,JB_ID10700
I_1191,08/05/22 18:45,97842,0,1155,80.85,JB_ID11316
I_1192,08/05/22 18:49,87775,0,55,3.85,JB_ID10937
I_1193,08/05/22 20:33,39166,0,180,12.6,JB_ID10639
I_1194,08/05/22 20:49,41449,0,135,9.45,JB_ID10721
I_1195,08/06/22 03:28,13065,0,75,5.25,JB_ID10229
I_1196,08/06/22 04:18,74380,0,1165,81.55,JB_ID10731
I_1197,08/06/22 07:38,39590,0,950,66.5,JB_ID10546
I_1198,08/06/22 09:52,49201,0,1300,91,JB_ID11491
I_1199,08/06/22 13:22,91216,0,1750,122.5,JB_ID10342
I_1200,08/06/22 13:40,863,0,1235,86.45,JB_ID10203
I_1201,08/06/22 17:31,3283,0,455,31.85,JB_ID10620
I_1202,08/06/22 23:06,3622,0,265,18.55,JB_ID10472
I_1203,08/07/22 04:34,15081,0,565,39.55,JB_ID10886
I_1204,08/07/22 11:03,93987,0,1260,88.2,JB_ID10283
I_1205,08/08/22 01:01,51691,0,3075,215.25,JB_ID10575
I_1206,08/08/22 07:13,32101,0,650,45.5,JB_ID10116
I_1207,08/08/22 11:27,62226,0,110,7.7,JB_ID10722
I_1208,08/08/22 12:47,90346,0,850,59.5,JB_ID11478
I_1209,08/08/22 15:08,54961,0,2630,184.1,JB_ID10710
I_1210,08/08/22 15:30,39176,0,250,17.5,JB_ID10293
I_1211,08/08/22 15:56,90626,0,100,7,JB_ID10365
I_1212,08/08/22 15:58,5532,0,175,12.25,JB_ID10885
I_1213,08/08/22 17:44,36845,0,190,13.3,JB_ID11344
I_1214,08/08/22 18:31,82009,0,25,1.75,JB_ID11002
I_1215,08/08/22 20:09,63365,0,850,59.5,JB_ID10997
I_1216,08/08/22 20:20,89051,0,310,21.7,JB_ID10033
I_1217,08/09/22 00:29,99671,0,55,3.85,JB_ID10449
I_1218,08/09/22 00:43,14162,0,400,28,JB_ID10536
I_1219,08/09/22 02:22,48166,0,2500,175,JB_ID10302
I_1220,08/09/22 05:16,19773,0,1330,93.1,JB_ID11167
I_1221,08/09/22 05:27,78115,0,560,39.2,JB_ID10555
I_1222,08/09/22 07:49,65035,0,385,26.95,JB_ID10728
I_1223,08/09/22 09:54,77297,0,4750,332.5,JB_ID11474
I_1224,08/09/22 10:11,73598,0,800,56,JB_ID10121
I_1225,08/09/22 13:38,58273,0,2000,140,JB_ID10898
I_1226,08/09/22 14:09,20434,0,1410,98.7,JB_ID11430
I_1227,08/09/22 14:11,92330,0,25,1.75,JB_ID10499
I_1228,08/09/22 14:23,25966,0,80,5.6,JB_ID10891
I_1229,08/09/22 16:31,71578,0,1680,117.6,JB_ID11342
I_1230,08/09/22 16:56,26891,0,210,14.7,JB_ID10139
I_1231,08/09/22 16:59,10036,0,505,35.35,JB_ID10843
I_1232,08/09/22 21:51,2369,0,460,32.2,JB_ID11483
I_1233,08/09/22 21:59,66470,0,1225,85.75,JB_ID11318
I_1234,08/09/22 22:36,70771,0,230,16.1,JB_ID10919
I_1235,08/10/22 02:32,54430,0,210,14.7,JB_ID11366
I_1236,08/10/22 05:13,74601,0,2165,151.55,JB_ID10924
I_1237,08/10/22 05:30,1061,0,525,36.75,JB_ID11181
I_1238,08/10/22 07:19,49226,0,760,53.2,JB_ID10454
I_1239,08/10/22 14:35,77091,0,550,38.5,JB_ID11336
I_1240,08/10/22 18:58,74524,0,1005,70.35,JB_ID11326
I_1241,08/10/22 19:19,92935,0,3470,242.9,JB_ID11299
I_1242,08/10/22 19:48,46116,0,450,31.5,JB_ID10440
I_1243,08/10/22 22:44,25504,0,810,56.7,JB_ID11190
I_1244,08/10/22 23:09,94098,0,1385,96.95,JB_ID10579
I_1245,08/11/22 02:20,74434,0,3265,228.55,JB_ID10413
I_1246,08/11/22 02:53,15767,0,1950,136.5,JB_ID10833
I_1247,08/11/22 12:26,58520,0,890,62.3,JB_ID11062
I_1248,08/11/22 14:02,93695,0,400,28,JB_ID10899
I_1249,08/11/22 15:23,1199,0,3310,231.7,JB_ID10507
I_1250,08/11/22 16:04,58934,0,390,27.3,JB_ID10921
I_1251,08/11/22 18:23,90654,0,1800,126,JB_ID11475
I_1252,08/11/22 19:01,40964,0,6155,430.85,JB_ID10913
I_1253,08/11/22 23:48,49370,0,555,38.85,JB_ID11445
I_1254,08/12/22 02:16,24926,0,785,54.95,JB_ID10778
I_1255,08/12/22 03:02,44542,0,400,28,JB_ID10390
I_1256,08/12/22 03:18,80794,0,125,8.75,JB_ID10695
I_1257,08/12/22 04:15,76440,0,3125,218.75,JB_ID10527
I_1258,08/12/22 06:37,26039,0,1170,81.9,JB_ID11270
I_1259,08/12/22 09:42,63481,0,2915,204.05,JB_ID10165
I_1260,08/12/22 12:05,73155,0,1390,97.3,JB_ID10467
I_1261,08/12/22 12:07,21414,0,2180,152.6,JB_ID11138
I_1262,08/12/22 18:29,10689,0,155,10.85,JB_ID11455
I_1263,08/12/22 20:26,72011,0,360,25.2,JB_ID10500
I_1264,08/13/22 01:14,48049,0,290,20.3,JB_ID10026
I_1265,08/13/22 09:32,17985,0,2180,152.6,JB_ID11114
I_1266,08/13/22 13:01,44734,0,1570,109.9,JB_ID10081
I_1267,08/14/22 20:56,15951,0,515,36.05,JB_ID10807
I_1268,08/15/22 00:14,20576,0,615,43.05,JB_ID10949
I_1269,08/15/22 12:25,10206,0,100,7,JB_ID10817
I_1270,08/15/22 12:32,40490,0,175,12.25,JB_ID11022
I_1271,08/15/22 13:41,40948,0,350,24.5,JB_ID11459
I_1272,08/15/22 14:22,44231,0,110,7.7,JB_ID10323
I_1273,08/15/22 15:18,16561,0,450,31.5,JB_ID10357
I_1274,08/15/22 16:05,92124,0,175,12.25,JB_ID10771
I_1275,08/15/22 18:27,20938,0,200,14,JB_ID10503
I_1276,08/15/22 18:37,24762,0,350,24.5,JB_ID11401
I_1277,08/15/22 20:29,156,0,2175,152.25,JB_ID11434
I_1278,08/15/22 21:43,6814,0,200,14,JB_ID10561
I_1279,08/15/22 23:09,90421,0,1135,79.45,JB_ID10089
I_1280,08/16/22 03:35,24635,0,210,14.7,JB_ID11340
I_1281,08/16/22 06:30,10760,0,2200,154,JB_ID10785
I_1282,08/16/22 06:35,36911,0,385,26.95,JB_ID11093
I_1283,08/16/22 08:14,73062,0,855,59.85,JB_ID10988
I_1284,08/16/22 09:26,82474,0,2100,147,JB_ID10483
I_1285,08/16/22 11:13,92457,0,575,40.25,JB_ID11229
I_1286,08/16/22 13:04,64507,0,600,42,JB_ID10970
I_1287,08/16/22 15:25,90712,0,80,5.6,JB_ID11098
I_1288,08/16/22 18:52,50618,0,200,14,JB_ID11145
I_1289,08/16/22 18:56,50092,0,15,1.05,JB_ID11288
I_1290,08/16/22 20:19,51868,0,1025,71.75,JB_ID10775
I_1291,08/16/22 20:48,5002,0,740,51.8,JB_ID10723
I_1292,08/16/22 22:20,33168,0,335,23.45,JB_ID10127
I_1293,08/17/22 10:15,66400,0,700,49,JB_ID10348
I_1294,08/17/22 10:31,33662,0,435,30.45,JB_ID10929
I_1295,08/17/22 20:26,15424,0,930,65.1,JB_ID10852
I_1296,08/18/22 07:31,90806,0,625,43.75,JB_ID11198
I_1297,08/18/22 10:52,3073,0,110,7.7,JB_ID11293
I_1298,08/18/22 10:56,43244,0,540,37.8,JB_ID10932
I_1299,08/18/22 12:16,76042,0,180,12.6,JB_ID10418
I_1300,08/18/22 13:51,81351,0,1225,85.75,JB_ID10142
I_1301,08/18/22 17:24,46363,0,135,9.45,JB_ID10724
I_1302,08/18/22 17:57,79185,0,25,1.75,JB_ID10315
I_1303,08/18/22 20:00,83444,0,425,29.75,JB_ID11095
I_1304,08/18/22 21:09,68032,0,370,25.9,JB_ID10491
I_1305,08/19/22 06:57,3440,0,1485,103.95,JB_ID11328
I_1306,08/19/22 11:12,33615,0,625,43.75,JB_ID10967
I_1307,08/19/22 11:58,13450,0,285,19.95,JB_ID11347
I_1308,08/19/22 13:20,37473,0,65,4.55,JB_ID10990
I_1309,08/19/22 21:50,35371,0,710,49.7,JB_ID10948
I_1310,08/20/22 00:43,25505,0,480,33.6,JB_ID10696
I_1311,08/20/22 01:51,12768,0,865,60.55,JB_ID11186
I_1312,08/20/22 04:32,43070,0,200,14,JB_ID10123
I_1313,08/20/22 13:02,53757,0,360,25.2,JB_ID10777
I_1314,08/20/22 23:46,57921,0,1150,80.5,JB_ID10750
I_1315,08/22/22 13:30,9173,0,175,12.25,JB_ID10130
I_1316,08/22/22 18:12,74449,0,175,12.25,JB_ID10425
I_1317,08/22/22 22:17,8919,0,200,14,JB_ID10533
I_1318,08/22/22 22:23,68486,0,485,33.95,JB_ID10025
I_1319,08/23/22 00:01,23886,0,180,12.6,JB_ID10395
I_1320,08/23/22 02:10,61486,0,200,14,JB_ID10668
I_1321,08/23/22 11:09,45207,0,570,39.9,JB_ID11365
I_1322,08/23/22 12:51,75621,0,2950,206.5,JB_ID10450
I_1323,08/23/22 14:20,88152,0,600,42,JB_ID10632
I_1324,08/23/22 14:25,7181,0,825,57.75,JB_ID10172
I_1325,08/24/22 00:22,7649,0,640,44.8,JB_ID10544
I_1326,08/24/22 00:43,31294,0,490,34.3,JB_ID10732
I_1327,08/24/22 01:10,63609,0,615,43.05,JB_ID11330
I_1328,08/24/22 03:30,22687,0,2610,182.7,JB_ID10754
I_1329,08/24/22 05:13,89303,0,3100,217,JB_ID10649
I_1330,08/24/22 05:57,20466,0,520,36.4,JB_ID10548
I_1331,08/24/22 09:45,51369,0,435,30.45,JB_ID10338
I_1332,08/24/22 22:04,59600,0,725,50.75,JB_ID10587
I_1333,08/25/22 01:33,17207,0,1630,114.1,JB_ID10637
I_1334,08/25/22 15:35,44508,0,415,29.05,JB_ID10456
I_1335,08/25/22 18:42,74298,0,370,25.9,JB_ID11323
I_1336,08/26/22 13:48,70569,0,1340,93.8,JB_ID10829
I_1337,08/26/22 20:10,9851,0,1200,84,JB_ID10108
I_1338,08/26/22 22:16,82122,0,1375,96.25,JB_ID10782
I_1339,08/28/22 08:20,21215,0,880,61.6,JB_ID10609
I_1340,08/29/22 21:12,27984,0,355,24.85,JB_ID11021
I_1341,08/30/22 05:52,89192,0,2000,140,JB_ID11219
I_1342,08/30/22 08:43,7091,0,75,5.25,JB_ID11235
I_1343,08/30/22 12:30,7134,0,1305,91.35,JB_ID10866
I_1344,08/30/22 14:58,88980,0,1125,78.75,JB_ID10584
I_1345,08/31/22 15:23,86193,0,210,14.7,JB_ID10117
I_1346,09/01/22 01:06,15968,0,665,46.55,JB_ID11158
I_1347,09/01/22 07:45,9671,0,630,44.1,JB_ID10328
I_1348,09/01/22 08:31,19569,0,380,26.6,JB_ID11471
I_1349,09/01/22 17:58,69812,0,400,28,JB_ID11009
I_1350,09/02/22 03:44,19824,0,600,42,JB_ID10694
