job_id,service_id,service_hours
JB_ID10001,S4_006,2.2
JB_ID10001,S5_005,0.9
JB_ID10002,S4_001,5.8
JB_ID10002,S5_003,2.1
JB_ID10003,S3_001,6.9
JB_ID10003,S3_003,2
JB_ID10003,S4_003,3.8
JB_ID10003,S6_001,1.1
JB_ID10004,S3_003,2.1
JB_ID10004,S4_004,0.5
JB_ID10004,S4_006,1.5
JB_ID10004,S6_001,1
JB_ID10005,S2_001,3.3
JB_ID10005,S2_003,2.9
JB_ID10005,S4_006,2.2
JB_ID10006,S1_004,2.1
JB_ID10006,S2_001,3.7
JB_ID10007,S1_001,37.6
JB_ID10007,S3_002,0.2
JB_ID10007,S3_004,1
JB_ID10007,S4_001,5.2
JB_ID10008,S3_003,2.5
JB_ID10008,S3_005,2.5
JB_ID10009,S2_001,2.9
JB_ID10009,S2_004,2.2
JB_ID10010,S2_001,2.6
JB_ID10010,S2_002,0.5
JB_ID10010,S2_003,4.3
JB_ID10010,S4_006,1.9
JB_ID10011,S3_001,7.3
JB_ID10011,S4_004,0.6
JB_ID10011,S5_003,2.2
JB_ID10011,S5_005,0.9
JB_ID10012,S4_003,4.6
JB_ID10013,S1_004,2.2
JB_ID10013,S2_002,0.5
JB_ID10013,S4_002,4.9
JB_ID10013,S6_001,1
JB_ID10014,S1_004,2.1
JB_ID10014,S3_005,2.2
JB_ID10014,S4_005,4.8
JB_ID10015,S5_005,1.3
JB_ID10015,S6_002,1.3
JB_ID10016,S2_002,0.6
JB_ID10016,S4_003,4.3
JB_ID10016,S6_002,1.2
JB_ID10017,S2_004,3.1
JB_ID10018,S1_004,3.4
JB_ID10018,S6_003,2.2
JB_ID10019,S1_002,39.4
JB_ID10019,S2_004,3.4
JB_ID10019,S3_005,2.3
JB_ID10019,S5_002,1.1
JB_ID10020,S5_001,0.8
JB_ID10021,S1_001,48.2
JB_ID10021,S2_003,3.8
JB_ID10021,S6_002,0.9
JB_ID10022,S1_004,3.5
JB_ID10022,S5_003,2
JB_ID10022,S6_001,1.1
JB_ID10023,S4_002,5.1
JB_ID10023,S5_003,1.4
JB_ID10023,S6_001,1
JB_ID10024,S6_003,1.9
JB_ID10025,S1_001,38.5
JB_ID10025,S2_002,0.5
JB_ID10026,S2_003,2.9
JB_ID10026,S3_002,0.2
JB_ID10026,S4_005,5
JB_ID10027,S4_001,5.7
JB_ID10027,S5_002,1.2
JB_ID10027,S5_004,0.8
JB_ID10028,S1_001,40.4
JB_ID10028,S5_004,1.2
JB_ID10029,S4_002,5.7
JB_ID10030,S3_002,0.2
JB_ID10031,S1_002,45.6
JB_ID10031,S3_005,1.5
JB_ID10031,S4_004,0.8
JB_ID10032,S1_002,58.9
JB_ID10032,S5_002,1
JB_ID10032,S5_003,2.4
JB_ID10032,S6_003,1.7
JB_ID10033,S2_003,3
JB_ID10033,S4_002,4.2
JB_ID10033,S5_001,0.8
JB_ID10033,S6_002,0.8
JB_ID10034,S3_001,5.8
JB_ID10034,S5_004,1
JB_ID10035,S3_003,1.7
JB_ID10035,S4_002,4
JB_ID10036,S6_001,1
JB_ID10037,S1_003,3.6
JB_ID10037,S5_005,0.8
JB_ID10038,S1_003,5
JB_ID10038,S4_001,6
JB_ID10038,S4_005,3.8
JB_ID10038,S6_001,0.8
JB_ID10039,S5_001,1.3
JB_ID10039,S5_005,0.9
JB_ID10040,S2_001,2.7
JB_ID10041,S1_004,3.8
JB_ID10041,S2_002,0.5
JB_ID10041,S4_002,4.1
JB_ID10042,S4_003,4.8
JB_ID10043,S1_001,56
JB_ID10043,S1_004,2.9
JB_ID10043,S2_002,0.5
JB_ID10043,S4_001,3.6
JB_ID10044,S1_003,4.3
JB_ID10044,S3_004,0.9
JB_ID10044,S4_001,5.1
JB_ID10044,S5_002,0.9
JB_ID10045,S3_002,0.2
JB_ID10045,S6_003,2.1
JB_ID10046,S1_004,2.2
JB_ID10046,S3_001,8.4
JB_ID10046,S4_002,5
JB_ID10046,S4_004,0.6
JB_ID10047,S4_004,0.4
JB_ID10047,S6_002,0.9
JB_ID10048,S1_004,3.8
JB_ID10048,S2_001,3.1
JB_ID10048,S5_003,2.6
JB_ID10048,S6_003,2.4
JB_ID10049,S1_004,2.3
JB_ID10049,S3_001,9.9
JB_ID10049,S5_005,1.2
JB_ID10050,S5_001,0.9
JB_ID10050,S6_002,1.3
JB_ID10051,S3_003,1.4
JB_ID10052,S2_004,3.6
JB_ID10052,S6_002,1.3
JB_ID10053,S1_004,3.7
JB_ID10053,S3_004,0.9
JB_ID10053,S4_005,3.6
JB_ID10054,S1_004,3.2
JB_ID10054,S3_001,9.2
JB_ID10054,S6_002,0.8
JB_ID10055,S1_002,62.5
JB_ID10055,S6_003,1.9
JB_ID10056,S2_002,0.4
JB_ID10056,S4_002,5.9
JB_ID10057,S2_001,3.4
JB_ID10057,S2_002,0.6
JB_ID10058,S3_005,2.2
JB_ID10059,S1_002,60.2
JB_ID10060,S1_001,46.4
JB_ID10060,S5_005,1.3
JB_ID10061,S1_003,3.7
JB_ID10061,S4_004,0.7
JB_ID10061,S5_002,0.8
JB_ID10062,S2_003,4.9
JB_ID10062,S3_005,2
JB_ID10062,S5_005,0.8
JB_ID10062,S6_001,1.3
JB_ID10063,S2_001,2.5
JB_ID10064,S3_002,0.2
JB_ID10064,S4_003,4.2
JB_ID10064,S4_004,0.7
JB_ID10064,S4_006,2.5
JB_ID10065,S2_001,3.2
JB_ID10065,S2_002,0.4
JB_ID10065,S4_006,1.9
JB_ID10066,S3_001,7.6
JB_ID10066,S3_003,1.6
JB_ID10066,S5_005,1
JB_ID10066,S6_001,0.9
JB_ID10067,S4_006,1.7
JB_ID10067,S5_002,0.8
JB_ID10068,S6_003,2.4
JB_ID10069,S4_003,5.8
JB_ID10070,S4_002,5.4
JB_ID10071,S1_004,2.7
JB_ID10071,S4_004,0.5
JB_ID10071,S5_004,0.9
JB_ID10072,S1_002,40.6
JB_ID10072,S1_004,2.3
JB_ID10072,S2_001,2.4
JB_ID10073,S3_001,10.3
JB_ID10073,S6_003,2.3
JB_ID10074,S3_003,2
JB_ID10075,S1_001,36.2
JB_ID10075,S5_001,1.3
JB_ID10075,S5_002,1
JB_ID10075,S5_004,1.2
JB_ID10076,S2_001,3.6
JB_ID10076,S3_003,2.1
JB_ID10076,S5_001,0.9
JB_ID10077,S3_002,0.2
JB_ID10077,S6_003,1.9
JB_ID10078,S1_003,4.6
JB_ID10078,S5_001,0.9
JB_ID10079,S2_001,2.4
JB_ID10079,S4_001,3.8
JB_ID10079,S5_002,1
JB_ID10079,S5_005,0.9
JB_ID10080,S1_001,46.9
JB_ID10081,S1_002,55.3
JB_ID10082,S5_001,1
JB_ID10083,S3_002,0.2
JB_ID10084,S1_002,45.1
JB_ID10084,S4_004,0.5
JB_ID10084,S4_006,1.8
JB_ID10084,S5_001,1.1
JB_ID10085,S2_001,3.4
JB_ID10085,S2_002,0.6
JB_ID10085,S2_003,5.1
JB_ID10085,S3_003,2
JB_ID10086,S6_003,2
JB_ID10087,S1_001,36.4
JB_ID10087,S1_002,43.8
JB_ID10087,S1_004,3.1
JB_ID10087,S5_005,0.8
JB_ID10088,S3_001,10.3
JB_ID10088,S5_004,1.3
JB_ID10089,S1_001,41.7
JB_ID10089,S4_005,3.2
JB_ID10090,S2_004,3.1
JB_ID10090,S5_002,0.8
JB_ID10091,S1_001,40.7
JB_ID10091,S2_002,0.4
JB_ID10091,S6_002,1.2
JB_ID10092,S3_002,0.2
JB_ID10092,S4_001,5.7
JB_ID10092,S5_001,1.1
JB_ID10092,S5_005,1
JB_ID10093,S2_002,0.6
JB_ID10093,S3_003,1.6
JB_ID10093,S4_001,4.5
JB_ID10094,S3_005,2
JB_ID10094,S6_001,0.95
JB_ID10095,S3_003,1.6
JB_ID10095,S6_002,0.7
JB_ID10096,S4_001,5.7
JB_ID10096,S4_005,4.6
JB_ID10096,S5_001,1.1
JB_ID10096,S5_004,1.2
JB_ID10097,S2_004,3.4
JB_ID10097,S5_001,0.8
JB_ID10097,S5_003,2.4
JB_ID10098,S4_004,0.7
JB_ID10099,S3_005,2.3
JB_ID10099,S4_002,4.5
JB_ID10100,S1_003,3.7
JB_ID10100,S4_001,5.3
JB_ID10100,S6_001,0.7
JB_ID10101,S4_006,1.5
JB_ID10101,S5_002,1.2
JB_ID10102,S1_001,58
JB_ID10102,S4_001,6
JB_ID10102,S5_005,1
JB_ID10103,S2_002,0.5
JB_ID10103,S2_004,3.7
JB_ID10104,S4_004,0.5
JB_ID10104,S5_001,1.2
JB_ID10105,S1_004,3.1
JB_ID10105,S5_004,1.3
JB_ID10106,S1_003,6.2
JB_ID10106,S6_001,0.8
JB_ID10107,S1_004,3.2
JB_ID10107,S4_006,2.3
JB_ID10107,S5_002,1.1
JB_ID10108,S1_002,63.1
JB_ID10109,S3_003,1.9
JB_ID10110,S6_001,0.8
JB_ID10111,S4_001,4.6
JB_ID10112,S2_002,0.6
JB_ID10112,S3_003,2.5
JB_ID10112,S6_001,1.2
JB_ID10113,S2_002,0.4
JB_ID10113,S4_004,0.7
JB_ID10113,S5_003,2.2
JB_ID10113,S5_005,0.8
JB_ID10114,S2_004,3.7
JB_ID10114,S3_002,0.2
JB_ID10115,S4_001,6.3
JB_ID10115,S6_002,1
JB_ID10116,S1_004,3
JB_ID10116,S2_001,3.6
JB_ID10116,S5_001,1
JB_ID10116,S5_005,1
JB_ID10117,S1_001,56.5
JB_ID10117,S2_003,3.8
JB_ID10117,S5_002,1.2
JB_ID10118,S1_001,39.6
JB_ID10118,S2_002,0.6
JB_ID10118,S3_005,2.1
JB_ID10118,S4_003,4.8
JB_ID10119,S2_003,3
JB_ID10119,S3_004,0.8
JB_ID10119,S6_003,2.2
JB_ID10120,S1_004,3.5
JB_ID10120,S3_002,0.2
JB_ID10120,S6_002,1.2
JB_ID10121,S4_001,6.35
JB_ID10121,S6_003,1.7
JB_ID10122,S3_004,1.1
JB_ID10122,S5_005,0.7
JB_ID10123,S3_005,2.4
JB_ID10123,S4_001,4.9
JB_ID10123,S6_002,1.3
JB_ID10124,S1_004,2.4
JB_ID10124,S2_001,3.9
JB_ID10124,S5_004,1.2
JB_ID10124,S5_005,0.8
JB_ID10125,S6_001,0.9
JB_ID10126,S3_001,7.9
JB_ID10126,S4_003,6.1
JB_ID10126,S4_004,0.7
JB_ID10127,S3_004,1
JB_ID10128,S3_003,2.2
JB_ID10128,S4_001,4.3
JB_ID10128,S4_002,5.6
JB_ID10128,S5_003,2.5
JB_ID10129,S2_001,2.4
JB_ID10129,S5_001,0.7
JB_ID10129,S5_003,2.6
JB_ID10130,S2_003,5.1
JB_ID10130,S2_004,3.1
JB_ID10130,S3_001,8.8
JB_ID10130,S4_003,5.9
JB_ID10131,S3_004,1.2
JB_ID10132,S2_004,2.8
JB_ID10132,S4_006,2.3
JB_ID10132,S5_005,0.8
JB_ID10133,S2_001,3.4
JB_ID10133,S4_004,0.6
JB_ID10133,S6_001,1.1
JB_ID10134,S2_001,2.8
JB_ID10134,S5_003,1.4
JB_ID10134,S6_002,0.9
JB_ID10135,S1_003,4.6
JB_ID10135,S2_002,0.4
JB_ID10135,S5_001,1
JB_ID10135,S6_001,0.8
JB_ID10136,S1_001,53.5
JB_ID10136,S2_001,3.1
JB_ID10136,S3_005,2.5
JB_ID10136,S4_001,5.1
JB_ID10137,S3_002,0.2
JB_ID10138,S4_006,2.5
JB_ID10139,S1_001,56.3
JB_ID10139,S1_002,62
JB_ID10139,S1_003,5.9
JB_ID10140,S2_002,0.6
JB_ID10140,S4_006,1.9
JB_ID10141,S1_001,35.3
JB_ID10141,S3_003,1.7
JB_ID10141,S5_002,1.1
JB_ID10142,S3_004,1.1
JB_ID10142,S5_005,1.1
JB_ID10143,S2_002,0.6
JB_ID10143,S2_004,2.4
JB_ID10143,S3_003,2.2
JB_ID10143,S6_003,2.5
JB_ID10144,S2_003,5.1
JB_ID10145,S5_001,0.9
JB_ID10146,S1_002,67.8
JB_ID10146,S2_003,4.6
JB_ID10146,S5_001,1.2
JB_ID10147,S2_002,0.6
JB_ID10147,S4_006,1.8
JB_ID10147,S6_001,0.9
JB_ID10148,S2_002,0.6
JB_ID10149,S1_002,58.8
JB_ID10149,S2_003,4.5
JB_ID10150,S3_001,9.8
JB_ID10150,S4_004,0.4
JB_ID10151,S4_004,0.5
JB_ID10151,S5_001,1.1
JB_ID10151,S5_003,2.1
JB_ID10152,S1_001,52.4
JB_ID10152,S3_004,0.9
JB_ID10152,S4_004,0.6
JB_ID10153,S3_003,2.2
JB_ID10154,S2_004,3.1
JB_ID10154,S5_003,2
JB_ID10154,S5_004,1.2
JB_ID10155,S4_001,6.3
JB_ID10156,S2_002,0.4
JB_ID10156,S4_003,6.4
JB_ID10156,S5_002,1
JB_ID10156,S6_001,1.2
JB_ID10157,S4_004,0.5
JB_ID10157,S4_006,1.9
JB_ID10157,S5_001,0.7
JB_ID10157,S6_001,1
JB_ID10158,S3_002,0.2
JB_ID10158,S4_005,4.2
JB_ID10159,S2_002,0.4
JB_ID10159,S4_005,4.6
JB_ID10160,S2_001,3.2
JB_ID10160,S4_002,5
JB_ID10161,S2_003,4.5
JB_ID10161,S4_004,0.7
JB_ID10161,S4_006,1.4
JB_ID10161,S6_002,1.2
JB_ID10162,S2_004,2.5
JB_ID10162,S3_003,1.7
JB_ID10162,S3_005,2.2
JB_ID10162,S4_002,3.6
JB_ID10163,S1_003,5.2
JB_ID10163,S2_002,0.6
JB_ID10163,S5_005,0.9
JB_ID10164,S1_001,34.8
JB_ID10165,S4_001,5.1
JB_ID10165,S4_004,0.7
JB_ID10165,S4_005,3.4
JB_ID10165,S5_004,0.9
JB_ID10166,S2_002,0.6
JB_ID10166,S4_002,5.6
JB_ID10166,S6_001,1
JB_ID10166,S6_002,0.9
JB_ID10167,S1_002,63.2
JB_ID10167,S3_004,0.7
JB_ID10168,S4_001,5.8
JB_ID10169,S5_005,1.3
JB_ID10170,S2_002,0.4
JB_ID10170,S2_003,3.9
JB_ID10170,S4_002,5.7
JB_ID10171,S3_004,1.2
JB_ID10171,S3_005,1.6
JB_ID10171,S5_005,1.2
JB_ID10171,S6_003,2.1
JB_ID10172,S2_004,2.9
JB_ID10172,S3_002,0.3
JB_ID10172,S4_005,4.4
JB_ID10173,S3_004,0.7
JB_ID10173,S5_005,1.3
JB_ID10173,S6_001,0.9
JB_ID10174,S2_004,2.8
JB_ID10174,S3_002,0.3
JB_ID10175,S3_004,0.9
JB_ID10176,S3_001,6.1
JB_ID10176,S4_001,5.9
JB_ID10177,S1_002,38.6
JB_ID10178,S1_002,50.7
JB_ID10179,S2_002,0.6
JB_ID10179,S3_003,1.5
JB_ID10179,S4_002,3.9
JB_ID10179,S4_003,4.3
JB_ID10180,S1_003,4.2
JB_ID10180,S2_003,4.1
JB_ID10180,S4_002,6.3
JB_ID10180,S6_002,1.1
JB_ID10181,S1_002,65.2
JB_ID10181,S3_003,2.5
JB_ID10181,S4_005,4.5
JB_ID10181,S5_003,1.8
JB_ID10182,S5_003,2.4
JB_ID10182,S5_005,0.8
JB_ID10182,S6_001,1
JB_ID10183,S5_002,1.2
JB_ID10183,S5_004,0.9
JB_ID10183,S6_002,0.9
JB_ID10184,S2_001,3.5
JB_ID10184,S2_003,2.9
JB_ID10184,S2_004,3.9
JB_ID10184,S3_003,2.1
JB_ID10185,S5_001,0.8
JB_ID10185,S5_005,1
JB_ID10186,S3_005,1.7
JB_ID10187,S1_004,2.4
JB_ID10187,S3_005,2.5
JB_ID10187,S4_006,2.1
JB_ID10187,S6_001,0.8
JB_ID10188,S3_001,9.2
JB_ID10188,S3_004,1.2
JB_ID10189,S2_002,0.4
JB_ID10189,S4_005,4.5
JB_ID10189,S5_005,0.9
JB_ID10190,S6_002,1.2
JB_ID10191,S1_003,4.4
JB_ID10191,S4_002,4.9
JB_ID10191,S5_001,0.9
JB_ID10192,S3_002,0.3
JB_ID10192,S4_001,5.5
JB_ID10193,S1_002,63.6
JB_ID10193,S3_002,0.2
JB_ID10193,S4_001,4.2
JB_ID10194,S3_002,0.2
JB_ID10194,S4_002,6.4
JB_ID10194,S6_001,1.15
JB_ID10195,S1_003,4.4
JB_ID10195,S3_005,1.9
JB_ID10196,S3_004,1.1
JB_ID10196,S5_004,0.8
JB_ID10197,S3_002,0.2
JB_ID10198,S2_001,2.5
JB_ID10198,S2_004,3.3
JB_ID10198,S4_006,2.6
JB_ID10199,S3_003,2
JB_ID10200,S4_001,4
JB_ID10200,S4_006,1.6
JB_ID10201,S1_001,44.5
JB_ID10201,S3_001,7.7
JB_ID10201,S3_005,1.5
JB_ID10201,S5_004,1.3
JB_ID10202,S2_002,0.4
JB_ID10202,S5_005,0.8
JB_ID10203,S1_001,50.5
JB_ID10203,S3_001,8
JB_ID10203,S3_004,1.3
JB_ID10204,S1_002,63.1
JB_ID10204,S4_005,4.7
JB_ID10204,S5_002,1
JB_ID10204,S6_002,1.2
JB_ID10205,S3_004,0.8
JB_ID10206,S3_003,2
JB_ID10206,S4_004,0.7
JB_ID10207,S3_001,9.2
JB_ID10207,S3_005,2.1
JB_ID10207,S4_006,2.4
JB_ID10208,S1_002,43.7
JB_ID10208,S5_001,1
JB_ID10208,S5_003,2.3
JB_ID10208,S6_002,1.1
JB_ID10209,S2_001,2.4
JB_ID10209,S4_006,1.8
JB_ID10209,S5_002,0.7
JB_ID10209,S5_005,1.1
JB_ID10210,S3_005,1.5
JB_ID10210,S6_002,1
JB_ID10211,S3_004,0.9
JB_ID10212,S2_003,4.1
JB_ID10212,S5_003,2.3
JB_ID10213,S2_002,0.6
JB_ID10213,S3_002,0.2
JB_ID10213,S4_002,4.8
JB_ID10213,S5_005,0.9
JB_ID10214,S1_004,3.6
JB_ID10214,S3_003,1.9
JB_ID10214,S4_003,4.1
JB_ID10215,S1_003,5.2
JB_ID10215,S3_005,1.7
JB_ID10215,S5_001,1
JB_ID10215,S5_003,1.8
JB_ID10216,S2_001,2.9
JB_ID10216,S2_004,2.1
JB_ID10216,S5_001,1
JB_ID10217,S3_003,2.3
JB_ID10217,S5_002,1.1
JB_ID10217,S6_002,0.9
JB_ID10218,S3_002,0.2
JB_ID10218,S4_006,2.1
JB_ID10219,S6_001,1.15
JB_ID10220,S5_003,1.6
JB_ID10221,S4_003,5.9
JB_ID10221,S4_005,3.7
JB_ID10221,S4_006,1.6
JB_ID10221,S6_001,0.8
JB_ID10222,S3_005,1.6
JB_ID10222,S5_004,1.2
JB_ID10223,S3_002,0.2
JB_ID10223,S4_004,0.6
JB_ID10224,S5_003,2.5
JB_ID10225,S1_002,58
JB_ID10225,S3_001,5.6
JB_ID10225,S3_004,1.1
JB_ID10226,S1_003,4.5
JB_ID10226,S4_005,3.8
JB_ID10226,S5_005,1.2
JB_ID10227,S1_004,2.2
JB_ID10227,S5_004,1
JB_ID10228,S3_005,1.6
JB_ID10228,S4_003,4
JB_ID10229,S4_004,0.7
JB_ID10230,S3_005,1.5
JB_ID10231,S2_001,2.8
JB_ID10231,S3_003,2.2
JB_ID10232,S2_003,3.9
JB_ID10233,S1_002,54.6
JB_ID10233,S4_005,3.2
JB_ID10233,S5_005,1
JB_ID10234,S5_002,1.2
JB_ID10235,S1_002,42.6
JB_ID10235,S3_002,0.2
JB_ID10235,S5_003,2.5
JB_ID10235,S6_001,1.2
JB_ID10236,S1_004,2.5
JB_ID10236,S3_002,0.2
JB_ID10237,S4_002,5.4
JB_ID10237,S4_003,5.1
JB_ID10238,S1_002,54.9
JB_ID10238,S2_001,2.7
JB_ID10238,S3_001,6.6
JB_ID10238,S4_004,0.5
JB_ID10239,S4_001,3.9
JB_ID10240,S2_003,4.9
JB_ID10241,S5_001,0.9
JB_ID10242,S1_002,46.1
JB_ID10242,S4_003,5
JB_ID10242,S5_001,1.1
JB_ID10242,S5_002,0.7
JB_ID10243,S1_004,2.3
JB_ID10243,S2_004,2.2
JB_ID10243,S5_002,0.8
JB_ID10243,S6_002,0.9
JB_ID10244,S2_002,0.4
JB_ID10245,S3_001,9.8
JB_ID10245,S4_003,6.4
JB_ID10245,S4_006,1.5
JB_ID10245,S5_001,0.9
JB_ID10246,S5_003,2.2
JB_ID10246,S5_005,1
JB_ID10246,S6_003,1.8
JB_ID10247,S1_004,3.7
JB_ID10248,S3_001,7.1
JB_ID10248,S6_001,0.9
JB_ID10249,S4_001,6.3
JB_ID10249,S4_006,2.2
JB_ID10250,S2_004,2.8
JB_ID10250,S4_002,3.5
JB_ID10251,S1_001,40.7
JB_ID10251,S3_003,1.8
JB_ID10252,S2_003,3.2
JB_ID10252,S5_001,0.8
JB_ID10252,S5_002,1.3
JB_ID10253,S4_005,4.9
JB_ID10254,S1_003,4.3
JB_ID10254,S3_002,0.2
JB_ID10254,S3_003,2.4
JB_ID10254,S5_005,1
JB_ID10255,S3_002,0.2
JB_ID10255,S4_004,0.6
JB_ID10255,S5_001,1.2
JB_ID10255,S6_002,1
JB_ID10256,S4_005,4.1
JB_ID10256,S5_002,1
JB_ID10256,S6_003,2.1
JB_ID10257,S1_003,4.2
JB_ID10257,S3_001,6.2
JB_ID10257,S5_003,2.3
JB_ID10258,S1_002,50.6
JB_ID10258,S4_002,3.6
JB_ID10259,S3_001,9.7
JB_ID10259,S6_003,2.4
JB_ID10260,S2_004,2.3
JB_ID10260,S4_001,5
JB_ID10260,S5_005,1
JB_ID10260,S6_002,1.3
JB_ID10261,S3_005,2.5
JB_ID10261,S6_001,1.2
JB_ID10262,S3_002,0.2
JB_ID10262,S5_001,1.066666667
JB_ID10263,S2_002,0.6
JB_ID10263,S3_004,0.9
JB_ID10264,S2_001,2.8
JB_ID10264,S3_002,0.2
JB_ID10264,S3_003,2.2
JB_ID10265,S1_002,59.6
JB_ID10265,S1_004,3.9
JB_ID10265,S4_001,5.3
JB_ID10266,S4_004,0.5
JB_ID10267,S2_001,2.5
JB_ID10267,S3_002,0.2
JB_ID10267,S4_005,3.2
JB_ID10267,S6_003,1.6
JB_ID10268,S3_004,0.9
JB_ID10268,S4_002,3.9
JB_ID10268,S4_005,4.9
JB_ID10268,S6_002,0.7
JB_ID10269,S5_004,1
JB_ID10270,S5_005,0.8
JB_ID10271,S3_003,1.7
JB_ID10271,S4_002,5.6
JB_ID10271,S5_005,0.9
JB_ID10272,S1_001,52.4
JB_ID10272,S1_002,62.9
JB_ID10272,S2_004,2.9
JB_ID10272,S4_002,5.4
JB_ID10273,S1_001,57.2
JB_ID10273,S1_002,64.8
JB_ID10273,S2_001,2.6
JB_ID10273,S5_002,1.1
JB_ID10274,S5_002,1.2
JB_ID10274,S5_004,0.8
JB_ID10275,S1_001,45.4
JB_ID10275,S2_001,3.8
JB_ID10275,S3_002,0.2
JB_ID10276,S1_002,45.9
JB_ID10276,S3_005,1.6
JB_ID10276,S5_005,1
JB_ID10277,S5_001,0.8
JB_ID10277,S6_003,1.7
JB_ID10278,S1_001,57
JB_ID10278,S1_002,58.5
JB_ID10278,S4_002,5.5
JB_ID10279,S3_005,2.3
JB_ID10279,S4_006,1.7
JB_ID10280,S1_001,60.7
JB_ID10280,S4_004,0.5
JB_ID10280,S5_001,0.7
JB_ID10280,S6_002,0.8
JB_ID10281,S1_004,3.5
JB_ID10281,S5_002,0.7
JB_ID10281,S5_005,1.2
JB_ID10281,S6_002,1.1
JB_ID10282,S4_005,4.5
JB_ID10282,S6_002,1.1
JB_ID10282,S6_003,1.7
JB_ID10283,S1_002,50.1
JB_ID10283,S5_001,1.3
JB_ID10283,S6_001,1.2
JB_ID10284,S2_003,4
JB_ID10284,S3_002,0.2
JB_ID10284,S4_001,3.6
JB_ID10284,S6_001,0.9
JB_ID10285,S4_001,4.6
JB_ID10285,S5_001,0.8
JB_ID10286,S1_001,61.5
JB_ID10286,S3_001,6.1
JB_ID10286,S3_004,1
JB_ID10286,S4_006,1.6
JB_ID10287,S3_002,0.2
JB_ID10287,S5_001,1.2
JB_ID10287,S6_001,1.2
JB_ID10287,S6_003,2.2
JB_ID10288,S4_005,4.4
JB_ID10288,S5_001,0.9
JB_ID10288,S5_002,1.3
JB_ID10289,S3_003,1.8
JB_ID10289,S5_003,2.5
JB_ID10290,S1_002,52.2
JB_ID10290,S3_004,1.2
JB_ID10290,S5_005,0.7
JB_ID10291,S2_002,0.6
JB_ID10291,S2_003,3.3
JB_ID10291,S3_002,0.2
JB_ID10291,S5_001,1.1
JB_ID10292,S1_001,58.8
JB_ID10293,S1_002,61
JB_ID10293,S3_005,1.9
JB_ID10294,S1_002,67
JB_ID10294,S2_004,2.4
JB_ID10294,S3_003,2
JB_ID10294,S3_004,1.1
JB_ID10295,S2_002,0.5
JB_ID10295,S4_003,3.7
JB_ID10295,S5_005,0.7
JB_ID10295,S6_003,2.5
JB_ID10296,S1_004,3.8
JB_ID10296,S3_003,1.4
JB_ID10296,S4_001,5.4
JB_ID10296,S4_005,4.9
JB_ID10297,S2_003,3.7
JB_ID10297,S3_003,1.8
JB_ID10297,S4_006,1.7
JB_ID10298,S2_003,4.8
JB_ID10298,S3_005,2
JB_ID10298,S4_001,3.8
JB_ID10299,S1_002,58.5
JB_ID10299,S2_002,0.6
JB_ID10299,S2_003,3.5
JB_ID10299,S4_005,3.1
JB_ID10300,S1_003,6.2
JB_ID10300,S3_005,2.4
JB_ID10300,S4_002,6
JB_ID10301,S2_002,0.5
JB_ID10301,S5_001,0.9
JB_ID10302,S4_001,5
JB_ID10302,S5_003,2.2
JB_ID10303,S3_004,1.1
JB_ID10304,S3_005,2.4
JB_ID10304,S5_001,0.8
JB_ID10305,S1_003,4.4
JB_ID10305,S3_001,6.8
JB_ID10305,S3_004,0.8
JB_ID10306,S2_002,0.5
JB_ID10307,S1_001,42.7
JB_ID10307,S5_001,0.8
JB_ID10308,S1_004,3.5
JB_ID10308,S3_001,6
JB_ID10308,S6_003,2.5
JB_ID10309,S4_006,2
JB_ID10309,S6_001,1.1
JB_ID10310,S4_002,4.8
JB_ID10311,S2_001,2.4
JB_ID10311,S3_003,2.2
JB_ID10311,S4_006,1.5
JB_ID10311,S6_003,2.4
JB_ID10312,S2_003,3.1
JB_ID10312,S6_002,0.9
JB_ID10313,S3_004,1.1
JB_ID10314,S2_002,0.4
JB_ID10314,S4_004,0.8
JB_ID10315,S3_004,0.9
JB_ID10316,S2_003,4.5
JB_ID10317,S5_001,0.9
JB_ID10318,S1_001,40.5
JB_ID10318,S5_005,1.2
JB_ID10319,S5_003,2
JB_ID10319,S5_004,1.2
JB_ID10320,S3_003,1.8
JB_ID10321,S3_003,1.5
JB_ID10321,S5_001,1.1
JB_ID10321,S5_002,0.8
JB_ID10321,S6_003,2
JB_ID10322,S4_001,5.4
JB_ID10322,S4_004,0.7
JB_ID10323,S1_004,2.2
JB_ID10323,S2_001,3.9
JB_ID10323,S5_004,0.9
JB_ID10324,S1_003,4.75
JB_ID10324,S4_005,3.6
JB_ID10325,S3_002,0.2
JB_ID10325,S4_006,2.6
JB_ID10325,S5_004,0.8
JB_ID10326,S1_004,2.8
JB_ID10327,S3_001,9
JB_ID10327,S3_005,2.1
JB_ID10327,S4_005,3.9
JB_ID10328,S3_004,0.9
JB_ID10328,S3_005,1.5
JB_ID10328,S4_005,4.2
JB_ID10328,S6_001,1.2
JB_ID10329,S1_002,57.9
JB_ID10329,S5_002,0.8
JB_ID10330,S1_002,53.7
JB_ID10330,S2_001,3.2
JB_ID10331,S2_002,0.4
JB_ID10331,S2_003,2.8
JB_ID10332,S1_003,3.6
JB_ID10332,S2_003,5
JB_ID10332,S3_002,0.2
JB_ID10333,S1_004,3
JB_ID10333,S3_003,2.05
JB_ID10333,S3_005,1.7
JB_ID10334,S1_002,50.2
JB_ID10334,S4_001,4.9
JB_ID10334,S4_004,0.4
JB_ID10335,S2_001,2.5
JB_ID10336,S1_002,48.9
JB_ID10336,S1_004,3.2
JB_ID10337,S2_003,3.5
JB_ID10337,S5_004,1
JB_ID10338,S5_003,2.15
JB_ID10339,S2_002,0.4
JB_ID10339,S4_006,1.6
JB_ID10339,S5_002,1.1
JB_ID10340,S2_001,3.4
JB_ID10340,S4_002,4.1
JB_ID10340,S4_006,1.4
JB_ID10340,S6_002,1.3
JB_ID10341,S1_004,2.4
JB_ID10341,S4_001,6.3
JB_ID10341,S5_004,1.1
JB_ID10342,S2_002,0.5
JB_ID10343,S1_002,46
JB_ID10343,S5_002,0.9
JB_ID10344,S1_003,4.7
JB_ID10344,S4_003,4.9
JB_ID10344,S6_001,1.1
JB_ID10345,S2_001,3.7
JB_ID10345,S3_004,0.8
JB_ID10345,S4_006,2.3
JB_ID10345,S5_004,1
JB_ID10346,S4_002,3.5
JB_ID10347,S1_002,52.3
JB_ID10347,S4_004,0.6
JB_ID10348,S4_006,1.8
JB_ID10349,S1_002,54.7
JB_ID10350,S3_001,6.1
JB_ID10350,S4_006,1.7
JB_ID10350,S5_004,0.9
JB_ID10351,S3_004,0.9
JB_ID10351,S5_005,1.1
JB_ID10352,S3_001,9.8
JB_ID10352,S3_003,1.5
JB_ID10352,S4_001,3.6
JB_ID10352,S4_004,0.7
JB_ID10353,S2_003,3.6
JB_ID10353,S4_004,0.4
JB_ID10353,S6_003,1.5
JB_ID10354,S2_001,3.2
JB_ID10354,S3_002,0.2
JB_ID10354,S6_002,1.2
JB_ID10355,S3_002,0.2
JB_ID10355,S6_001,0.7
JB_ID10356,S3_002,0.15
JB_ID10356,S3_004,0.7
JB_ID10357,S1_002,66.4
JB_ID10357,S3_002,0.2
JB_ID10358,S3_001,8.2
JB_ID10358,S3_003,2.2
JB_ID10359,S4_004,0.5
JB_ID10359,S4_005,5
JB_ID10359,S5_001,0.7
JB_ID10359,S5_004,0.8
JB_ID10360,S3_005,2.6
JB_ID10360,S4_001,4.6
JB_ID10361,S5_001,0.8
JB_ID10362,S3_002,0.2
JB_ID10362,S4_006,1.4
JB_ID10362,S6_003,1.6
JB_ID10363,S3_001,5.8
JB_ID10364,S6_001,1
JB_ID10365,S1_001,52.8
JB_ID10365,S2_004,2.6
JB_ID10366,S2_002,0.5
JB_ID10366,S4_001,3.7
JB_ID10366,S6_001,1.3
JB_ID10367,S2_003,4.2
JB_ID10367,S3_004,0.9
JB_ID10368,S5_001,1.1
JB_ID10368,S5_002,1.3
JB_ID10368,S6_002,1.1
JB_ID10369,S2_003,3.6
JB_ID10370,S1_002,67.5
JB_ID10370,S5_003,2.5
JB_ID10371,S2_004,2.1
JB_ID10372,S2_003,4.6
JB_ID10372,S4_006,2.4
JB_ID10373,S5_004,0.8
JB_ID10373,S6_001,0.8
JB_ID10374,S2_001,3.5
JB_ID10374,S5_004,0.8
JB_ID10374,S6_003,2.1
JB_ID10375,S1_001,47.3
JB_ID10375,S3_002,0.2
JB_ID10375,S4_003,3.5
JB_ID10376,S5_005,1.1
JB_ID10377,S3_001,9.5
JB_ID10377,S6_001,1
JB_ID10378,S2_004,2.45
JB_ID10379,S2_004,2.8
JB_ID10379,S3_001,7
JB_ID10380,S1_004,2.9
JB_ID10380,S3_004,1.3
JB_ID10380,S4_006,2.2
JB_ID10380,S6_002,0.8
JB_ID10381,S1_001,51.9
JB_ID10381,S2_002,0.5
JB_ID10381,S2_004,3.3
JB_ID10381,S4_002,4.5
JB_ID10382,S1_004,2.5
JB_ID10382,S3_004,1.1
JB_ID10382,S4_005,4.7
JB_ID10382,S5_005,1.3
JB_ID10383,S5_003,2.4
JB_ID10384,S1_003,6.3
JB_ID10384,S1_004,3.5
JB_ID10384,S4_004,0.5
JB_ID10384,S5_003,2.4
JB_ID10385,S6_002,1
JB_ID10386,S4_006,1.6
JB_ID10386,S6_001,1.1
JB_ID10386,S6_003,2.1
JB_ID10387,S4_004,0.6
JB_ID10387,S5_003,2.5
JB_ID10388,S4_006,2.3
JB_ID10389,S3_002,0.2
JB_ID10390,S4_005,4.6
JB_ID10391,S3_004,0.8
JB_ID10392,S2_001,3.4
JB_ID10392,S4_005,5.1
JB_ID10393,S3_001,7.5
JB_ID10393,S4_003,5.7
JB_ID10393,S4_006,1.5
JB_ID10394,S4_002,6.4
JB_ID10394,S5_002,1.1
JB_ID10395,S4_005,3.9
JB_ID10395,S5_005,1.1
JB_ID10396,S6_002,1.3
JB_ID10396,S6_003,1.85
JB_ID10397,S2_004,3.5
JB_ID10398,S3_003,2.3
JB_ID10398,S4_003,4.8
JB_ID10399,S1_001,53.7
JB_ID10399,S4_001,3.6
JB_ID10400,S5_001,1
JB_ID10400,S5_002,1.2
JB_ID10401,S4_001,5.3
JB_ID10401,S4_005,3.7
JB_ID10402,S1_004,3.4
JB_ID10402,S3_001,6.6
JB_ID10403,S5_001,0.9
JB_ID10403,S5_003,2.1
JB_ID10404,S1_004,2.2
JB_ID10404,S4_006,1.4
JB_ID10404,S5_004,1.2
JB_ID10405,S2_001,2.2
JB_ID10405,S2_002,0.5
JB_ID10405,S4_002,5.5
JB_ID10405,S4_006,1.4
JB_ID10406,S3_005,1.6
JB_ID10406,S5_002,1.1
JB_ID10406,S6_001,1
JB_ID10407,S2_001,3.6
JB_ID10408,S3_003,2.2
JB_ID10408,S5_001,0.8
JB_ID10409,S5_002,0.7
JB_ID10410,S4_003,4.5
JB_ID10410,S6_002,1.2
JB_ID10411,S1_003,4.2
JB_ID10411,S4_006,2.2
JB_ID10411,S5_001,1.2
JB_ID10411,S6_002,1
JB_ID10412,S2_001,3.8
JB_ID10412,S5_001,0.9
JB_ID10413,S1_004,3.8
JB_ID10414,S4_004,0.7
JB_ID10415,S3_005,1.4
JB_ID10415,S4_002,5.9
JB_ID10415,S5_001,0.9
JB_ID10415,S5_002,1.2
JB_ID10416,S1_001,45
JB_ID10416,S2_004,3.4
JB_ID10417,S1_004,3.1
JB_ID10418,S3_005,2.1
JB_ID10419,S1_001,55.9
JB_ID10419,S4_002,5.95
JB_ID10419,S5_003,2
JB_ID10420,S1_004,2.3
JB_ID10420,S5_001,0.8
JB_ID10420,S6_001,0.9
JB_ID10421,S4_002,6.2
JB_ID10421,S4_003,6
JB_ID10422,S2_004,2.5
JB_ID10422,S3_004,1
JB_ID10422,S5_003,2.2
JB_ID10423,S3_004,1
JB_ID10424,S5_001,1
JB_ID10425,S3_001,9.4
JB_ID10425,S3_003,2.1
JB_ID10425,S5_001,0.9
JB_ID10425,S6_003,1.8
JB_ID10426,S6_002,1.2
JB_ID10427,S4_001,5.1
JB_ID10428,S1_001,56.5
JB_ID10429,S2_001,3.3
JB_ID10429,S3_004,1.2
JB_ID10430,S3_004,1.2
JB_ID10430,S4_001,6.3
JB_ID10431,S1_003,5.4
JB_ID10431,S4_003,5.6
JB_ID10432,S3_004,0.9
JB_ID10432,S5_002,0.9
JB_ID10432,S5_003,2.5
JB_ID10432,S5_005,1
JB_ID10433,S1_002,50.7
JB_ID10433,S4_006,1.7
JB_ID10434,S4_002,6
JB_ID10434,S4_004,0.7
JB_ID10434,S4_005,3.4
JB_ID10434,S6_002,0.9
JB_ID10435,S3_002,0.3
JB_ID10435,S3_005,1.6
JB_ID10435,S5_001,0.7
JB_ID10435,S5_002,0.9
JB_ID10436,S4_006,1.6
JB_ID10436,S5_002,1
JB_ID10436,S5_004,1
JB_ID10437,S3_005,2.3
JB_ID10437,S4_002,6.2
JB_ID10438,S1_001,47.8
JB_ID10438,S2_001,2.7
JB_ID10438,S6_003,2
JB_ID10439,S1_001,34.4
JB_ID10439,S2_002,0.4
JB_ID10439,S4_004,0.8
JB_ID10439,S6_001,1
JB_ID10440,S6_003,1.5
JB_ID10441,S1_003,5.3
JB_ID10441,S6_003,2.15
JB_ID10442,S5_001,1.2
JB_ID10443,S1_004,2.6
JB_ID10443,S3_005,2.5
JB_ID10443,S4_006,1.6
JB_ID10444,S5_001,0.8
JB_ID10444,S6_001,0.7
JB_ID10444,S6_002,1.1
JB_ID10445,S4_006,2
JB_ID10446,S4_005,3.2
JB_ID10446,S5_002,1.2
JB_ID10447,S1_001,49.9
JB_ID10447,S4_005,4.6
JB_ID10448,S2_003,2.8
JB_ID10448,S5_005,1.2
JB_ID10449,S5_005,1.2
JB_ID10450,S2_003,4
JB_ID10450,S2_004,3.3
JB_ID10450,S3_005,1.7
JB_ID10451,S2_002,0.4
JB_ID10451,S3_001,7.8
JB_ID10451,S4_006,2.5
JB_ID10451,S5_001,1
JB_ID10452,S2_001,3.7
JB_ID10452,S2_003,4.8
JB_ID10452,S4_003,5.6
JB_ID10453,S6_003,1.7
JB_ID10454,S2_003,5.2
JB_ID10455,S3_003,1.9
JB_ID10456,S1_002,43.2
JB_ID10456,S3_005,1.5
JB_ID10456,S5_005,0.8
JB_ID10457,S1_003,3.9
JB_ID10457,S3_002,0.2
JB_ID10457,S3_004,1.2
JB_ID10457,S6_001,0.8
JB_ID10458,S3_005,2.2
JB_ID10459,S4_003,4.3
JB_ID10460,S2_001,3.3
JB_ID10460,S2_002,0.4
JB_ID10460,S5_005,0.9
JB_ID10461,S2_003,5.1
JB_ID10462,S4_001,5.1
JB_ID10463,S3_001,9.95
JB_ID10463,S4_002,5
JB_ID10463,S6_002,1
JB_ID10464,S4_003,5.6
JB_ID10464,S6_001,1.1
JB_ID10465,S1_001,61.5
JB_ID10465,S2_003,4.2
JB_ID10466,S4_001,4.1
JB_ID10466,S5_002,1.1
JB_ID10466,S5_005,1.2
JB_ID10466,S6_001,1
JB_ID10467,S3_004,0.8
JB_ID10467,S5_004,1.2
JB_ID10467,S6_002,1
JB_ID10468,S1_004,3.4
JB_ID10469,S1_004,2.9
JB_ID10469,S2_001,2.3
JB_ID10469,S4_005,3.2
JB_ID10470,S1_002,39.4
JB_ID10470,S3_005,2.3
JB_ID10470,S4_005,3.3
JB_ID10470,S6_001,1
JB_ID10471,S3_005,1.9
JB_ID10471,S6_003,1.7
JB_ID10472,S1_001,60.5
JB_ID10473,S2_003,5
JB_ID10473,S4_004,0.7
JB_ID10473,S5_004,1
JB_ID10473,S5_005,1.2
JB_ID10474,S2_002,0.5
JB_ID10474,S4_003,5.4
JB_ID10475,S3_004,0.9
JB_ID10476,S2_004,3.3
JB_ID10477,S1_003,4.7
JB_ID10477,S4_003,6.4
JB_ID10477,S4_006,1.7
JB_ID10478,S1_003,5.6
JB_ID10478,S3_005,2
JB_ID10478,S5_003,2
JB_ID10479,S1_001,41.6
JB_ID10480,S1_003,4.7
JB_ID10480,S4_002,4
JB_ID10480,S5_002,1.2
JB_ID10481,S5_001,0.9
JB_ID10482,S1_001,56.5
JB_ID10482,S2_003,4.9
JB_ID10482,S3_002,0.2
JB_ID10482,S3_003,2.1
JB_ID10483,S1_003,5.4
JB_ID10483,S2_001,3.2
JB_ID10483,S5_001,0.9
JB_ID10483,S5_005,1.1
JB_ID10484,S2_001,3.2
JB_ID10484,S2_002,0.6
JB_ID10484,S4_001,3.5
JB_ID10484,S5_001,1.2
JB_ID10485,S3_002,0.2
JB_ID10485,S4_003,6.2
JB_ID10486,S2_001,3.8
JB_ID10486,S4_003,4.5
JB_ID10486,S5_001,1.1
JB_ID10486,S5_002,1.3
JB_ID10487,S3_001,7.7
JB_ID10487,S3_002,0.2
JB_ID10488,S3_002,0.2
JB_ID10488,S5_003,1.4
JB_ID10488,S6_001,0.8
JB_ID10489,S2_004,2.9
JB_ID10489,S3_005,1.8
JB_ID10489,S6_002,0.9
JB_ID10490,S2_003,4
JB_ID10490,S5_003,1.7
JB_ID10490,S6_003,2.2
JB_ID10491,S1_002,46.4
JB_ID10492,S4_006,1.5
JB_ID10493,S5_003,1.8
JB_ID10494,S2_003,4.5
JB_ID10494,S4_001,3.6
JB_ID10494,S6_003,2
JB_ID10495,S1_001,41.5
JB_ID10495,S3_005,2.6
JB_ID10496,S1_002,44.5
JB_ID10496,S4_003,5.1
JB_ID10496,S4_006,2.2
JB_ID10497,S3_004,0.9
JB_ID10497,S3_005,1.9
JB_ID10497,S5_001,1
JB_ID10497,S6_003,1.7
JB_ID10498,S1_001,54.2
JB_ID10498,S4_001,5.4
JB_ID10498,S5_005,1
JB_ID10499,S3_003,2.1
JB_ID10499,S5_001,1.1
JB_ID10499,S6_001,1.1
JB_ID10500,S2_002,0.5
JB_ID10500,S4_002,4.9
JB_ID10500,S4_006,2.3
JB_ID10500,S5_001,1
JB_ID10501,S1_002,67.2
JB_ID10502,S3_002,0.2
JB_ID10503,S3_001,7.8
JB_ID10503,S4_001,5.4
JB_ID10503,S4_005,3.7
JB_ID10504,S2_003,5.2
JB_ID10504,S6_003,2.5
JB_ID10505,S5_005,1.1
JB_ID10506,S2_001,2.8
JB_ID10506,S4_005,4.5
JB_ID10506,S6_002,1.2
JB_ID10507,S1_002,60.5
JB_ID10507,S4_005,3.9
JB_ID10508,S1_004,2.8
JB_ID10508,S5_004,1.2
JB_ID10508,S6_003,2.3
JB_ID10509,S1_003,6.5
JB_ID10509,S3_001,9.2
JB_ID10510,S6_001,0.8
JB_ID10511,S2_002,0.5
JB_ID10511,S3_003,2.4
JB_ID10511,S6_003,1.5
JB_ID10512,S3_005,1.8
JB_ID10513,S2_003,3.5
JB_ID10514,S2_004,3.3
JB_ID10514,S3_005,1.9
JB_ID10514,S4_006,1.5
JB_ID10514,S5_002,0.9
JB_ID10515,S3_005,1.4
JB_ID10516,S1_001,37.3
JB_ID10516,S4_003,3.5
JB_ID10516,S5_004,0.8
JB_ID10517,S2_002,0.5
JB_ID10517,S4_006,2.4
JB_ID10517,S6_001,1
JB_ID10518,S3_002,0.1
JB_ID10519,S5_003,2.5
JB_ID10520,S3_005,2.1
JB_ID10520,S4_002,4.2
JB_ID10520,S4_003,4.1
JB_ID10521,S1_002,69.6
JB_ID10521,S3_004,0.8
JB_ID10521,S4_004,0.5
JB_ID10521,S5_001,0.9
JB_ID10522,S1_004,3.7
JB_ID10522,S2_001,2.5
JB_ID10522,S5_001,0.8
JB_ID10523,S3_002,0.2
JB_ID10524,S2_002,0.5
JB_ID10524,S2_003,5.2
JB_ID10524,S4_004,0.6
JB_ID10524,S5_004,1.1
JB_ID10525,S3_004,1.1
JB_ID10525,S6_001,0.9
JB_ID10525,S6_002,0.8
JB_ID10526,S1_001,38.7
JB_ID10526,S3_001,9.7
JB_ID10526,S6_003,2.1
JB_ID10527,S1_003,4.4
JB_ID10527,S2_001,2.8
JB_ID10527,S4_001,4.4
JB_ID10528,S2_004,2.8
JB_ID10528,S3_003,2.1
JB_ID10529,S5_004,1
JB_ID10530,S2_001,3.2
JB_ID10530,S4_003,5.9
JB_ID10530,S6_001,0.9
JB_ID10531,S3_001,6.7
JB_ID10531,S6_003,2.4
JB_ID10532,S2_004,2.8
JB_ID10532,S3_004,1.2
JB_ID10532,S4_002,5.2
JB_ID10533,S5_002,0.7
JB_ID10534,S5_005,0.8
JB_ID10534,S6_003,2.1
JB_ID10535,S2_002,0.6
JB_ID10536,S6_001,0.8
JB_ID10537,S4_006,2
JB_ID10537,S5_001,1.1
JB_ID10537,S5_002,1
JB_ID10538,S3_004,1.2
JB_ID10538,S4_005,4.6
JB_ID10539,S4_001,5.2
JB_ID10539,S5_001,0.9
JB_ID10540,S5_003,1.6
JB_ID10540,S5_005,1.2
JB_ID10541,S1_001,57.3
JB_ID10541,S3_004,0.7
JB_ID10541,S4_002,3.6
JB_ID10541,S5_005,1
JB_ID10542,S3_003,2.4
JB_ID10542,S5_001,1.1
JB_ID10543,S3_005,2.6
JB_ID10544,S3_003,2
JB_ID10545,S3_001,10.1
JB_ID10545,S3_003,1.6
JB_ID10545,S3_004,0.9
JB_ID10545,S5_004,1.1
JB_ID10546,S4_001,5.6
JB_ID10547,S1_003,6.2
JB_ID10547,S2_002,0.4
JB_ID10547,S4_005,4.3
JB_ID10548,S4_006,1.5
JB_ID10548,S5_005,0.8
JB_ID10549,S1_004,3.6
JB_ID10549,S3_002,0.2
JB_ID10549,S3_005,2.6
JB_ID10550,S2_001,3.4
JB_ID10550,S2_002,0.5
JB_ID10551,S2_001,3.6
JB_ID10552,S5_005,0.9
JB_ID10552,S6_003,2.3
JB_ID10553,S3_004,0.7
JB_ID10553,S5_002,1.2
JB_ID10554,S3_001,8.7
JB_ID10555,S4_005,5.1
JB_ID10556,S2_002,0.6
JB_ID10556,S6_003,2
JB_ID10557,S4_004,0.6
JB_ID10557,S5_005,0.9
JB_ID10558,S1_004,3.3
JB_ID10559,S4_004,0.5
JB_ID10559,S5_005,1
JB_ID10559,S6_001,0.9
JB_ID10560,S3_004,1.1
JB_ID10560,S4_001,5.9
JB_ID10560,S4_004,0.7
JB_ID10560,S6_003,1.6
JB_ID10561,S6_001,1
JB_ID10562,S3_002,0.2
JB_ID10563,S2_004,3.3
JB_ID10564,S4_003,6.2
JB_ID10564,S5_002,1.3
JB_ID10564,S5_003,2.4
JB_ID10565,S2_004,2.8
JB_ID10565,S4_005,4.9
JB_ID10566,S2_003,4.1
JB_ID10566,S4_004,0.4
JB_ID10567,S5_002,0.7
JB_ID10567,S6_002,0.7
JB_ID10568,S2_002,0.6
JB_ID10568,S4_002,5.3
JB_ID10568,S4_004,0.7
JB_ID10568,S6_003,2.3
JB_ID10569,S2_003,4
JB_ID10569,S4_003,6
JB_ID10569,S6_001,1.2
JB_ID10569,S6_002,1.3
JB_ID10570,S4_001,4
JB_ID10570,S4_003,6.2
JB_ID10571,S5_004,1
JB_ID10571,S6_002,0.9
JB_ID10572,S1_004,2.6
JB_ID10572,S2_002,0.4
JB_ID10573,S1_002,50.7
JB_ID10573,S2_003,4.3
JB_ID10573,S6_002,0.7
JB_ID10574,S1_004,2.4
JB_ID10575,S2_001,2.4
JB_ID10575,S3_003,1.7
JB_ID10576,S1_004,2.7
JB_ID10576,S5_001,1
JB_ID10576,S5_002,0.9
JB_ID10577,S4_006,2.1
JB_ID10578,S2_002,0.4
JB_ID10578,S2_004,3.1
JB_ID10579,S2_004,2.8
JB_ID10580,S3_001,7.6
JB_ID10580,S3_005,2.15
JB_ID10580,S5_003,2
JB_ID10581,S4_005,3.4
JB_ID10582,S3_001,8.7
JB_ID10582,S3_005,1.7
JB_ID10583,S4_003,4
JB_ID10584,S2_001,3.1
JB_ID10584,S3_004,1.3
JB_ID10584,S4_006,1.6
JB_ID10585,S4_004,0.7
JB_ID10585,S5_004,1.2
JB_ID10586,S2_002,0.6
JB_ID10586,S3_001,9.1
JB_ID10586,S5_002,1.1
JB_ID10587,S3_004,1.1
JB_ID10588,S4_001,5.3
JB_ID10588,S4_003,3.7
JB_ID10588,S4_006,2.5
JB_ID10589,S1_003,5.4
JB_ID10589,S2_001,2.7
JB_ID10589,S5_004,1.3
JB_ID10590,S1_003,4.3
JB_ID10590,S3_004,1.1
JB_ID10591,S6_002,1
JB_ID10592,S1_003,4.4
JB_ID10592,S2_001,2.1
JB_ID10592,S3_004,1.3
JB_ID10592,S5_005,0.9
JB_ID10593,S1_001,56
JB_ID10593,S2_002,0.6
JB_ID10593,S5_004,0.8
JB_ID10593,S6_002,0.8
JB_ID10594,S4_005,4.5
JB_ID10594,S5_005,0.9
JB_ID10595,S2_004,3.9
JB_ID10595,S4_006,2
JB_ID10595,S6_001,1.1
JB_ID10596,S4_005,4.2
JB_ID10597,S4_005,4.9
JB_ID10598,S6_002,0.9
JB_ID10598,S6_003,1.5
JB_ID10599,S5_001,1.2
JB_ID10599,S6_003,1.9
JB_ID10600,S4_006,1.9
JB_ID10600,S5_001,1.2
JB_ID10601,S1_001,40.1
JB_ID10601,S1_003,5.6
JB_ID10601,S4_006,1.7
JB_ID10601,S5_003,2.1
JB_ID10602,S3_004,0.8
JB_ID10603,S1_001,35.2
JB_ID10603,S4_006,1.6
JB_ID10604,S2_002,0.4
JB_ID10605,S3_001,10.2
JB_ID10605,S4_006,1.6
JB_ID10605,S5_001,1.3
JB_ID10605,S5_005,1.2
JB_ID10606,S1_002,56.35
JB_ID10606,S5_005,0.8
JB_ID10607,S3_004,0.9
JB_ID10607,S4_002,5
JB_ID10607,S5_004,1.2
JB_ID10608,S1_002,66.1
JB_ID10608,S4_004,0.8
JB_ID10608,S5_001,1
JB_ID10608,S5_003,2.6
JB_ID10609,S4_005,3.7
JB_ID10609,S5_002,1.2
JB_ID10610,S3_002,0.2
JB_ID10610,S5_003,1.7
JB_ID10610,S5_005,0.8
JB_ID10611,S1_001,57.6
JB_ID10611,S5_004,1
JB_ID10612,S1_003,5.2
JB_ID10612,S2_001,2.9
JB_ID10612,S4_003,4.3
JB_ID10613,S1_002,59.7
JB_ID10613,S5_004,1.2
JB_ID10613,S5_005,1
JB_ID10614,S4_006,1.4
JB_ID10615,S3_004,1.1
JB_ID10616,S3_002,0.2
JB_ID10616,S3_003,2.2
JB_ID10616,S3_004,1.1
JB_ID10616,S6_003,1.5
JB_ID10617,S1_004,2.2
JB_ID10617,S4_002,6.3
JB_ID10617,S6_003,2.2
JB_ID10618,S2_001,3.8
JB_ID10618,S2_002,0.6
JB_ID10618,S4_004,0.7
JB_ID10618,S5_004,1.2
JB_ID10619,S2_002,0.4
JB_ID10620,S2_002,0.6
JB_ID10620,S3_002,0.2
JB_ID10620,S4_002,5.5
JB_ID10620,S5_002,1
JB_ID10621,S3_001,7
JB_ID10621,S4_002,4.7
JB_ID10621,S4_004,0.5
JB_ID10621,S5_002,1.3
JB_ID10622,S1_001,57.6
JB_ID10622,S2_001,2.1
JB_ID10623,S2_001,2.85
JB_ID10623,S3_004,1.2
JB_ID10624,S4_002,4
JB_ID10625,S3_001,10.2
JB_ID10625,S4_001,4
JB_ID10625,S4_002,5.1
JB_ID10626,S1_003,4.2
JB_ID10626,S4_005,4.7
JB_ID10626,S6_002,1
JB_ID10627,S1_004,2.4
JB_ID10627,S5_001,0.9
JB_ID10628,S1_004,3.8
JB_ID10628,S5_003,2.3
JB_ID10628,S6_001,1
JB_ID10629,S6_003,2.5
JB_ID10630,S1_003,4.7
JB_ID10630,S3_004,0.9
JB_ID10630,S5_004,0.9
JB_ID10630,S6_001,0.9
JB_ID10631,S3_002,0.1
JB_ID10632,S4_001,4
JB_ID10632,S4_003,5.45
JB_ID10632,S5_004,1.2
JB_ID10633,S1_001,46.3
JB_ID10633,S2_004,3.9
JB_ID10633,S3_004,1.1
JB_ID10634,S5_003,2.2
JB_ID10635,S4_004,0.7
JB_ID10635,S5_004,1
JB_ID10636,S3_003,1.966666667
JB_ID10636,S3_005,2.2
JB_ID10637,S1_004,3
JB_ID10637,S2_003,5
JB_ID10637,S4_005,3.5
JB_ID10637,S4_006,2.2
JB_ID10638,S4_005,3
JB_ID10639,S2_001,3
JB_ID10639,S2_004,2.9
JB_ID10639,S4_002,4.8
JB_ID10640,S1_001,46.5
JB_ID10640,S5_002,1.2
JB_ID10640,S6_002,0.8
JB_ID10641,S4_001,3.7
JB_ID10641,S4_003,3.5
JB_ID10641,S4_006,2.4
JB_ID10641,S6_003,2.1
JB_ID10642,S3_003,2.3
JB_ID10642,S4_001,6.2
JB_ID10643,S2_002,0.6
JB_ID10643,S3_002,0.3
JB_ID10643,S4_001,4
JB_ID10643,S5_003,1.5
JB_ID10644,S3_001,10.1
JB_ID10644,S3_005,2.4
JB_ID10645,S3_004,0.95
JB_ID10645,S4_003,6.3
JB_ID10645,S5_003,1.5
JB_ID10646,S3_002,0.2
JB_ID10646,S4_003,6.4
JB_ID10646,S4_005,3.5
JB_ID10647,S4_001,3.6
JB_ID10647,S4_005,2.8
JB_ID10648,S1_003,5.5
JB_ID10648,S2_002,0.6
JB_ID10649,S5_001,0.9
JB_ID10649,S5_005,1.2
JB_ID10650,S1_004,2.5
JB_ID10650,S4_001,4.3
JB_ID10650,S4_006,2.4
JB_ID10650,S5_001,1.2
JB_ID10651,S3_002,0.3
JB_ID10651,S5_003,1.8
JB_ID10651,S6_002,1.1
JB_ID10652,S2_001,3.9
JB_ID10652,S2_002,0.6
JB_ID10652,S3_002,0.1
JB_ID10652,S4_001,6.1
JB_ID10653,S3_001,8.55
JB_ID10653,S6_003,1.6
JB_ID10654,S6_001,1.1
JB_ID10655,S1_002,45.1
JB_ID10655,S2_003,3.6
JB_ID10655,S3_002,0.2
JB_ID10656,S1_001,40.3
JB_ID10656,S1_002,57.3
JB_ID10656,S2_002,0.5
JB_ID10657,S2_003,4.1
JB_ID10657,S4_006,1.5
JB_ID10657,S5_003,2
JB_ID10658,S2_001,3.2
JB_ID10658,S4_003,4.6
JB_ID10658,S5_005,0.7
JB_ID10659,S3_002,0.2
JB_ID10659,S3_004,0.8
JB_ID10660,S5_002,0.9
JB_ID10661,S1_001,36.2
JB_ID10661,S1_002,45.7
JB_ID10661,S1_003,5.4
JB_ID10662,S3_003,1.7
JB_ID10663,S1_003,5.2
JB_ID10663,S4_001,4.9
JB_ID10663,S5_003,1.9
JB_ID10664,S1_002,66
JB_ID10664,S3_004,1.1
JB_ID10665,S4_005,4.9
JB_ID10666,S3_002,0.2
JB_ID10666,S5_001,0.8
JB_ID10666,S5_004,1.1
JB_ID10666,S5_005,1.2
JB_ID10667,S1_001,34
JB_ID10667,S1_002,57.6
JB_ID10667,S4_002,6.2
JB_ID10668,S3_001,8.6
JB_ID10668,S3_002,0.2
JB_ID10668,S5_005,0.8
JB_ID10668,S6_002,0.9
JB_ID10669,S4_001,5.9
JB_ID10669,S5_002,0.8
JB_ID10670,S2_003,3
JB_ID10671,S5_002,1.2
JB_ID10672,S4_001,6.1
JB_ID10673,S1_001,52
JB_ID10673,S2_004,2.6
JB_ID10673,S3_002,0.2
JB_ID10673,S3_004,1
JB_ID10674,S3_004,1
JB_ID10674,S4_004,0.7
JB_ID10674,S5_002,0.7
JB_ID10675,S1_004,3.7
JB_ID10675,S2_002,0.5
JB_ID10675,S3_002,0.2
JB_ID10676,S1_001,57.5
JB_ID10676,S4_001,6.1
JB_ID10676,S4_005,3.6
JB_ID10677,S5_002,0.9
JB_ID10678,S6_002,1
JB_ID10679,S1_004,3.8
JB_ID10679,S4_003,5.5
JB_ID10679,S5_002,0.9
JB_ID10680,S6_002,1.2
JB_ID10681,S4_004,0.5
JB_ID10681,S4_005,3.5
JB_ID10682,S1_001,56.6
JB_ID10682,S3_001,7.9
JB_ID10683,S1_002,66.9
JB_ID10683,S3_003,1.6
JB_ID10683,S4_006,2.5
JB_ID10683,S5_001,1.2
JB_ID10684,S3_004,0.7
JB_ID10684,S4_001,4.2
JB_ID10685,S6_001,1
JB_ID10685,S6_003,2
JB_ID10686,S2_003,4
JB_ID10686,S5_001,1.2
JB_ID10686,S6_001,0.9
JB_ID10687,S1_003,3.7
JB_ID10687,S5_004,1
JB_ID10688,S4_001,3.6
JB_ID10689,S4_002,6.4
JB_ID10690,S5_001,0.8
JB_ID10691,S1_001,34
JB_ID10691,S5_001,1.1
JB_ID10692,S2_003,3.8
JB_ID10693,S4_006,2.6
JB_ID10693,S5_005,0.9
JB_ID10694,S1_004,3.3
JB_ID10694,S2_004,2.5
JB_ID10695,S5_002,0.8
JB_ID10696,S3_005,1.7
JB_ID10696,S5_003,2.05
JB_ID10696,S5_005,1
JB_ID10697,S6_001,0.7
JB_ID10698,S1_002,60
JB_ID10698,S3_002,0.2
JB_ID10698,S3_005,2.6
JB_ID10698,S5_005,1.1
JB_ID10699,S3_002,0.2
JB_ID10699,S4_003,5.7
JB_ID10699,S4_006,1.6
JB_ID10699,S5_005,1
JB_ID10700,S6_001,1.1
JB_ID10700,S6_002,1
JB_ID10701,S5_002,0.9
JB_ID10702,S2_002,0.6
JB_ID10702,S3_005,2.1
JB_ID10702,S5_003,1.8
JB_ID10702,S5_005,1
JB_ID10703,S1_002,45.3
JB_ID10703,S4_004,0.5
JB_ID10704,S1_004,2.7
JB_ID10704,S6_001,1
JB_ID10704,S6_003,2.3
JB_ID10705,S4_006,2.1
JB_ID10706,S2_001,2.6
JB_ID10707,S3_004,1.1
JB_ID10708,S1_002,42
JB_ID10708,S3_003,1.5
JB_ID10708,S6_001,1
JB_ID10708,S6_002,1.3
JB_ID10709,S2_004,2.5
JB_ID10709,S3_005,2.3
JB_ID10709,S4_002,4.7
JB_ID10709,S6_001,1.1
JB_ID10710,S2_002,0.6
JB_ID10710,S3_001,6.8
JB_ID10710,S5_005,1.3
JB_ID10711,S1_002,50.3
JB_ID10711,S4_006,2.2
JB_ID10711,S6_003,2.4
JB_ID10712,S2_003,5.1
JB_ID10712,S4_001,5
JB_ID10713,S2_001,3.6
JB_ID10713,S5_005,1.1
JB_ID10714,S1_004,3.8
JB_ID10714,S5_004,1.1
JB_ID10715,S2_002,0.5
JB_ID10715,S4_006,2.3
JB_ID10716,S1_001,41.3
JB_ID10716,S3_003,2.2
JB_ID10716,S4_003,5.6
JB_ID10716,S4_006,2.4
JB_ID10717,S2_003,4.7
JB_ID10717,S3_001,6
JB_ID10717,S4_006,2.6
JB_ID10717,S6_002,0.9
JB_ID10718,S2_001,3.3
JB_ID10718,S2_002,0.5
JB_ID10718,S3_004,1.1
JB_ID10719,S4_005,4.3
JB_ID10720,S4_005,4.9
JB_ID10720,S5_002,1.3
JB_ID10720,S6_002,1.1
JB_ID10720,S6_003,1.8
JB_ID10721,S1_002,52.1
JB_ID10721,S3_005,1.5
JB_ID10721,S5_004,0.8
JB_ID10721,S6_003,1.7
JB_ID10722,S1_004,3.4
JB_ID10722,S2_002,0.5
JB_ID10722,S2_004,2.7
JB_ID10723,S2_002,0.5
JB_ID10723,S4_006,2.3
JB_ID10723,S5_004,1
JB_ID10724,S3_002,0.2
JB_ID10724,S3_004,0.9
JB_ID10725,S2_002,0.5
JB_ID10725,S3_003,1.9
JB_ID10725,S6_003,1.7
JB_ID10726,S1_004,2.8
JB_ID10726,S3_001,7.8
JB_ID10726,S6_002,0.8
JB_ID10726,S6_003,1.4
JB_ID10727,S1_004,2.3
JB_ID10727,S3_002,0.2
JB_ID10727,S4_006,2.5
JB_ID10728,S2_001,2.7
JB_ID10728,S4_001,5.5
JB_ID10728,S4_004,0.7
JB_ID10728,S6_002,1.1
JB_ID10729,S2_003,4.5
JB_ID10729,S5_005,1.2
JB_ID10729,S6_002,0.8
JB_ID10730,S1_002,48
JB_ID10730,S2_001,2.8
JB_ID10730,S2_004,2.5
JB_ID10730,S5_003,1.5
JB_ID10731,S1_001,46.9
JB_ID10731,S1_002,45.1
JB_ID10731,S5_001,1.1
JB_ID10731,S6_002,1.2
JB_ID10732,S6_001,1.1
JB_ID10733,S4_006,1.5
JB_ID10733,S5_001,0.8
JB_ID10733,S5_005,1.3
JB_ID10733,S6_003,2.6
JB_ID10734,S1_003,3.7
JB_ID10734,S3_002,0.2
JB_ID10734,S4_002,5.8
JB_ID10734,S6_002,1.3
JB_ID10735,S1_004,3
JB_ID10735,S2_004,2.6
JB_ID10735,S3_005,1.5
JB_ID10735,S4_001,5.2
JB_ID10736,S1_002,64.6
JB_ID10737,S2_004,3.7
JB_ID10737,S3_002,0.2
JB_ID10737,S3_004,0.7
JB_ID10737,S5_003,2.6
JB_ID10738,S3_003,2
JB_ID10739,S1_001,54.5
JB_ID10739,S4_004,0.5
JB_ID10740,S3_001,8.2
JB_ID10741,S1_003,5.9
JB_ID10741,S2_002,0.5
JB_ID10741,S4_001,5.6
JB_ID10742,S3_003,2.6
JB_ID10742,S4_003,5.8
JB_ID10743,S2_002,0.5
JB_ID10743,S4_004,0.5
JB_ID10744,S1_003,5.6
JB_ID10744,S4_005,4.2
JB_ID10745,S3_002,0.2
JB_ID10745,S5_001,0.8
JB_ID10745,S6_002,1
JB_ID10746,S3_003,2.5
JB_ID10746,S3_004,0.9
JB_ID10746,S4_001,5.6
JB_ID10746,S5_005,0.8
JB_ID10747,S1_003,4.1
JB_ID10747,S2_003,3.6
JB_ID10747,S4_005,3
JB_ID10748,S2_004,2.7
JB_ID10748,S4_001,3.8
JB_ID10748,S4_005,5
JB_ID10749,S3_003,2.5
JB_ID10749,S4_006,1.5
JB_ID10749,S5_002,0.8
JB_ID10749,S5_003,1.7
JB_ID10750,S2_001,3.2
JB_ID10750,S3_002,0.2
JB_ID10750,S4_002,4.5
JB_ID10750,S4_003,5.9
JB_ID10751,S3_002,0.2
JB_ID10751,S3_004,0.9
JB_ID10752,S4_004,0.7
JB_ID10753,S2_004,2.9
JB_ID10753,S3_003,2.3
JB_ID10753,S4_004,0.7
JB_ID10754,S2_003,4.3
JB_ID10754,S3_001,8.5
JB_ID10754,S4_001,4.6
JB_ID10754,S4_003,6.2
JB_ID10755,S2_001,3.1
JB_ID10755,S3_003,1.9
JB_ID10756,S1_001,37.8
JB_ID10756,S6_001,1
JB_ID10757,S3_002,0.3
JB_ID10757,S5_002,1.2
JB_ID10757,S6_003,1.4
JB_ID10758,S1_002,64.6
JB_ID10759,S4_004,0.5
JB_ID10759,S6_001,1.2
JB_ID10760,S2_001,2.2
JB_ID10760,S6_002,0.9
JB_ID10761,S3_004,0.8
JB_ID10761,S3_005,1.8
JB_ID10761,S5_005,1.1
JB_ID10762,S1_001,57.7
JB_ID10762,S2_001,2.2
JB_ID10762,S5_001,1.2
JB_ID10762,S5_003,1.7
JB_ID10763,S2_002,0.55
JB_ID10763,S3_005,2
JB_ID10763,S5_002,1.2
JB_ID10764,S2_001,3.6
JB_ID10764,S6_002,0.7
JB_ID10765,S1_001,58.1
JB_ID10765,S2_002,0.4
JB_ID10765,S4_006,1.8
JB_ID10765,S6_003,1.7
JB_ID10766,S1_001,61.6
JB_ID10766,S1_002,44.9
JB_ID10766,S5_001,0.7
JB_ID10767,S4_002,5
JB_ID10768,S2_004,2.1
JB_ID10768,S3_003,1.8
JB_ID10768,S6_003,2.2
JB_ID10769,S4_003,5.6
JB_ID10769,S4_004,0.6
JB_ID10769,S5_001,1.2
JB_ID10769,S5_002,0.8
JB_ID10770,S5_003,2.3
JB_ID10770,S5_005,1
JB_ID10771,S4_001,6.2
JB_ID10771,S5_004,1
JB_ID10771,S6_003,1.7
JB_ID10772,S2_002,0.5
JB_ID10772,S5_005,1
JB_ID10772,S6_003,2.4
JB_ID10773,S1_003,3.9
JB_ID10773,S4_001,5.2
JB_ID10773,S5_003,2.3
JB_ID10774,S2_004,2.3
JB_ID10774,S4_002,5.3
JB_ID10775,S3_003,2
JB_ID10775,S6_003,1.6
JB_ID10776,S2_004,2.5
JB_ID10777,S4_006,2.1
JB_ID10778,S5_004,0.7
JB_ID10779,S1_001,59.8
JB_ID10779,S5_001,0.8
JB_ID10779,S6_001,1.1
JB_ID10779,S6_002,1
JB_ID10780,S2_002,0.5
JB_ID10781,S4_002,4.9
JB_ID10781,S4_003,4.7
JB_ID10781,S6_001,0.9
JB_ID10782,S2_001,2.4
JB_ID10782,S2_003,4.1
JB_ID10782,S5_002,0.9
JB_ID10782,S6_003,2
JB_ID10783,S3_005,2.5
JB_ID10783,S4_004,0.5
JB_ID10783,S5_001,0.7
JB_ID10783,S6_002,1
JB_ID10784,S3_005,2.1
JB_ID10784,S5_001,0.8
JB_ID10784,S5_004,0.8
JB_ID10784,S5_005,1.2
JB_ID10785,S4_005,3.9
JB_ID10786,S5_004,1.2
JB_ID10787,S1_002,41.6
JB_ID10787,S5_005,1.2
JB_ID10788,S2_002,0.6
JB_ID10789,S2_003,4.4
JB_ID10789,S4_001,4.4
JB_ID10790,S2_001,2.9
JB_ID10790,S2_002,0.6
JB_ID10790,S2_003,3.4
JB_ID10791,S3_004,1.05
JB_ID10791,S4_005,3.25
JB_ID10792,S3_002,0.1
JB_ID10792,S4_004,0.6
JB_ID10792,S5_002,1.1
JB_ID10792,S5_003,2.4
JB_ID10793,S2_002,0.6
JB_ID10794,S1_002,60.8
JB_ID10795,S4_002,6
JB_ID10795,S5_001,1
JB_ID10796,S6_002,0.9
JB_ID10797,S1_001,40.2
JB_ID10797,S1_002,42
JB_ID10797,S5_001,1.3
JB_ID10797,S5_002,1.3
JB_ID10798,S1_004,3.8
JB_ID10798,S3_003,2
JB_ID10798,S4_001,4.2
JB_ID10798,S4_006,1.8
JB_ID10799,S3_005,1.9
JB_ID10799,S5_004,1.1
JB_ID10800,S3_001,9.1
JB_ID10800,S5_001,0.7
JB_ID10801,S3_005,1.7
JB_ID10802,S1_004,3.8
JB_ID10803,S1_002,62.8
JB_ID10803,S4_002,5.1
JB_ID10804,S1_003,4.2
JB_ID10804,S2_001,2.3
JB_ID10805,S3_002,0.2
JB_ID10805,S6_003,2
JB_ID10806,S3_001,9.1
JB_ID10806,S4_001,4.5
JB_ID10806,S4_005,2.9
JB_ID10806,S6_003,2.4
JB_ID10807,S1_001,56.6
JB_ID10807,S3_004,1.2
JB_ID10807,S4_001,4.4
JB_ID10808,S1_003,4.2
JB_ID10808,S2_002,0.4
JB_ID10808,S3_002,0.3
JB_ID10808,S4_006,2.3
JB_ID10809,S5_003,2.2
JB_ID10810,S1_003,3.9
JB_ID10810,S3_003,2.1
JB_ID10810,S4_004,0.6
JB_ID10810,S6_001,1.3
JB_ID10811,S2_001,3.1
JB_ID10811,S4_001,4
JB_ID10811,S4_006,1.4
JB_ID10812,S1_004,3.9
JB_ID10812,S3_001,7.6
JB_ID10813,S2_004,3.5
JB_ID10814,S4_002,5
JB_ID10815,S1_001,62.1
JB_ID10816,S1_001,57.3
JB_ID10816,S3_002,0.2
JB_ID10816,S4_005,3.2
JB_ID10816,S5_005,0.8
JB_ID10817,S1_001,54.8
JB_ID10817,S6_003,1.8
JB_ID10818,S2_003,4.2
JB_ID10818,S3_005,1.5
JB_ID10818,S4_002,3.9
JB_ID10818,S5_002,1.2
JB_ID10819,S1_003,6.1
JB_ID10819,S3_004,0.8
JB_ID10819,S5_003,2.1
JB_ID10819,S6_002,1
JB_ID10820,S1_001,34.6
JB_ID10820,S2_002,0.6
JB_ID10820,S3_004,0.9
JB_ID10820,S5_005,0.9
JB_ID10821,S1_004,2.9
JB_ID10821,S3_001,6.7
JB_ID10821,S3_002,0.2
JB_ID10822,S2_004,2.4
JB_ID10823,S1_001,47.3
JB_ID10824,S4_004,0.7
JB_ID10824,S5_003,1.5
JB_ID10825,S5_003,1.9
JB_ID10826,S3_005,2.6
JB_ID10826,S4_004,0.4
JB_ID10826,S5_002,1.2
JB_ID10826,S5_003,1.6
JB_ID10827,S2_001,3.3
JB_ID10827,S3_001,7.7
JB_ID10827,S4_001,4.4
JB_ID10827,S4_002,4.9
JB_ID10828,S2_003,3.8
JB_ID10828,S3_004,0.8
JB_ID10829,S1_001,55.6
JB_ID10829,S4_001,3.7
JB_ID10830,S1_002,63.1
JB_ID10830,S5_002,1
JB_ID10830,S6_002,1.2
JB_ID10831,S3_003,2.1
JB_ID10831,S3_004,1.2
JB_ID10832,S3_005,1.5
JB_ID10833,S1_001,46.8
JB_ID10833,S5_001,1
JB_ID10833,S5_002,0.8
JB_ID10834,S2_003,4.9
JB_ID10834,S3_005,1.7
JB_ID10834,S4_004,0.7
JB_ID10834,S5_003,2.3
JB_ID10835,S6_002,0.9
JB_ID10836,S5_001,1.3
JB_ID10836,S5_003,2.6
JB_ID10837,S3_003,1.8
JB_ID10837,S4_003,4.6
JB_ID10837,S5_001,0.8
JB_ID10838,S1_003,3.7
JB_ID10838,S2_002,0.4
JB_ID10838,S4_003,6.2
JB_ID10838,S5_003,2.1
JB_ID10839,S2_002,0.6
JB_ID10839,S5_001,0.7
JB_ID10839,S6_001,0.8
JB_ID10840,S2_003,4.8
JB_ID10840,S5_002,1
JB_ID10841,S1_004,2.7
JB_ID10841,S3_002,0.2
JB_ID10842,S4_003,4.6
JB_ID10843,S3_001,6.6
JB_ID10843,S3_004,1.2
JB_ID10843,S3_005,1.8
JB_ID10844,S2_002,0.6
JB_ID10844,S6_002,1.1
JB_ID10845,S3_002,0.2
JB_ID10845,S5_005,0.8
JB_ID10846,S4_006,1.7
JB_ID10847,S1_002,51.2
JB_ID10847,S3_003,2.4
JB_ID10847,S6_001,1.1
JB_ID10848,S2_003,4.6
JB_ID10848,S5_001,0.9
JB_ID10848,S5_003,2
JB_ID10849,S1_002,58.5
JB_ID10849,S2_001,3.3
JB_ID10849,S6_003,2
JB_ID10850,S2_004,2.5
JB_ID10850,S3_004,1.1
JB_ID10850,S4_003,3.7
JB_ID10850,S5_003,2.1
JB_ID10851,S2_004,2.3
JB_ID10851,S3_001,6.5
JB_ID10851,S4_002,4.1
JB_ID10852,S3_003,2.4
JB_ID10852,S4_004,0.5
JB_ID10852,S4_005,4.4
JB_ID10853,S4_003,4.9
JB_ID10854,S1_003,5.6
JB_ID10854,S4_002,6
JB_ID10854,S5_003,1.6
JB_ID10855,S2_003,4.2
JB_ID10856,S2_002,0.5
JB_ID10856,S5_004,1
JB_ID10857,S4_001,5.2
JB_ID10857,S5_003,2.5
JB_ID10858,S3_005,1.8
JB_ID10858,S4_003,5
JB_ID10858,S4_004,0.5
JB_ID10859,S2_002,0.4
JB_ID10859,S5_002,1.2
JB_ID10860,S4_002,4.3
JB_ID10860,S4_003,4.7
JB_ID10861,S3_005,1.6
JB_ID10862,S4_002,5.3
JB_ID10862,S4_004,0.6
JB_ID10862,S5_001,1.1
JB_ID10863,S4_006,1.4
JB_ID10864,S2_003,4
JB_ID10864,S4_004,0.6
JB_ID10865,S4_003,4.8
JB_ID10865,S4_004,0.7
JB_ID10865,S5_003,2.4
JB_ID10865,S5_005,0.9
JB_ID10866,S1_004,3.9
JB_ID10866,S3_002,0.2
JB_ID10867,S3_001,6
JB_ID10868,S3_005,2.4
JB_ID10869,S3_003,1.4
JB_ID10869,S6_001,1.2
JB_ID10869,S6_002,1
JB_ID10870,S3_002,0.2
JB_ID10871,S2_004,3.7
JB_ID10872,S4_006,2.2
JB_ID10873,S2_004,3.1
JB_ID10873,S6_002,1.1
JB_ID10874,S3_002,0.2
JB_ID10874,S4_003,3.8
JB_ID10874,S5_002,1
JB_ID10875,S4_003,5.8
JB_ID10875,S6_002,1.1
JB_ID10876,S6_002,1.1
JB_ID10877,S3_002,0.2
JB_ID10877,S5_003,2.5
JB_ID10878,S1_002,49.8
JB_ID10878,S3_005,1.8
JB_ID10878,S4_005,4.9
JB_ID10878,S5_005,1.1
JB_ID10879,S2_002,0.6
JB_ID10880,S3_003,2.4
JB_ID10880,S4_004,0.5
JB_ID10880,S6_003,2.4
JB_ID10881,S1_003,4.7
JB_ID10882,S1_003,5.4
JB_ID10882,S3_002,0.2
JB_ID10882,S4_003,5.5
JB_ID10882,S6_001,1.1
JB_ID10883,S2_002,0.4
JB_ID10883,S4_002,5.6
JB_ID10883,S4_003,4.9
JB_ID10883,S6_003,2.1
JB_ID10884,S2_002,0.4
JB_ID10884,S4_001,4.2
JB_ID10884,S4_006,2.3
JB_ID10884,S5_005,1.2
JB_ID10885,S4_006,2.3
JB_ID10886,S1_001,48.7
JB_ID10886,S5_001,0.9
JB_ID10887,S5_002,1.2
JB_ID10888,S2_004,2.5
JB_ID10889,S1_004,2.3
JB_ID10890,S3_001,6.7
JB_ID10890,S4_001,5.8
JB_ID10891,S5_004,1.2
JB_ID10892,S3_002,0.2
JB_ID10892,S3_005,1.6
JB_ID10892,S5_005,1.05
JB_ID10893,S3_002,0.2
JB_ID10893,S5_001,0.8
JB_ID10894,S1_002,62.2
JB_ID10894,S2_001,3
JB_ID10894,S5_001,0.9
JB_ID10895,S2_002,0.4
JB_ID10895,S2_004,3.6
JB_ID10895,S3_001,10.1
JB_ID10895,S5_004,1.2
JB_ID10896,S3_001,8
JB_ID10897,S1_002,53.6
JB_ID10897,S1_003,4
JB_ID10897,S4_002,6.4
JB_ID10898,S1_003,3.5
JB_ID10898,S6_001,0.7
JB_ID10898,S6_002,1.1
JB_ID10898,S6_003,1.8
JB_ID10899,S1_004,3
JB_ID10899,S2_004,3.9
JB_ID10899,S6_003,2
JB_ID10900,S1_002,67.3
JB_ID10900,S2_004,3.5
JB_ID10900,S5_001,1.3
JB_ID10901,S4_002,4.4
JB_ID10902,S3_002,0.3
JB_ID10902,S4_006,1.4
JB_ID10902,S5_005,1
JB_ID10903,S1_002,46.2
JB_ID10903,S4_002,6.1
JB_ID10904,S2_001,2.8
JB_ID10904,S2_002,0.5
JB_ID10905,S4_002,5.5
JB_ID10906,S2_003,4.8
JB_ID10906,S2_004,2.4
JB_ID10906,S5_002,0.8
JB_ID10907,S2_003,3.1
JB_ID10907,S6_002,1.1
JB_ID10908,S3_001,6.3
JB_ID10908,S3_002,0.2
JB_ID10908,S4_004,0.7
JB_ID10908,S5_005,0.8
JB_ID10909,S2_003,2.9
JB_ID10910,S2_004,2.4
JB_ID10910,S3_004,1
JB_ID10910,S6_001,0.8
JB_ID10911,S4_006,2.1
JB_ID10912,S2_003,3
JB_ID10912,S3_001,10.1
JB_ID10913,S1_003,3.6
JB_ID10913,S2_004,3
JB_ID10913,S3_005,2.3
JB_ID10913,S5_004,1.3
JB_ID10914,S1_003,3.7
JB_ID10914,S2_001,3.5
JB_ID10914,S2_003,4.2
JB_ID10915,S2_001,3.2
JB_ID10916,S2_004,3.2
JB_ID10916,S5_001,1.1
JB_ID10917,S1_004,2.6
JB_ID10917,S3_005,2.6
JB_ID10917,S4_003,4.4
JB_ID10918,S1_003,5.8
JB_ID10918,S5_001,1
JB_ID10919,S1_004,2.4
JB_ID10919,S2_001,3.4
JB_ID10919,S3_003,2.3
JB_ID10920,S3_002,0.2
JB_ID10920,S4_003,4.8
JB_ID10921,S2_004,3.6
JB_ID10921,S4_002,4.9
JB_ID10922,S6_002,1.05
JB_ID10922,S6_003,1.7
JB_ID10923,S1_002,44.4
JB_ID10923,S5_004,1.1
JB_ID10923,S6_003,1.9
JB_ID10924,S6_002,0.8
JB_ID10925,S4_001,5
JB_ID10925,S4_006,1.6
JB_ID10925,S6_001,1
JB_ID10925,S6_003,2
JB_ID10926,S4_005,3.1
JB_ID10926,S5_002,0.9
JB_ID10927,S1_003,3.9
JB_ID10928,S1_001,54.95
JB_ID10928,S2_003,3.8
JB_ID10929,S2_003,3.7
JB_ID10929,S3_002,0.2
JB_ID10929,S4_006,1.7
JB_ID10929,S5_001,0.9
JB_ID10930,S3_003,2.5
JB_ID10930,S3_005,2.3
JB_ID10930,S4_003,4.2
JB_ID10931,S2_002,0.4
JB_ID10931,S5_001,1.2
JB_ID10932,S4_002,6.1
JB_ID10932,S6_001,1.1
JB_ID10933,S1_002,42.9
JB_ID10933,S4_002,4.1
JB_ID10933,S5_004,0.8
JB_ID10934,S5_003,2.3
JB_ID10935,S2_004,2.9
JB_ID10935,S4_002,3.6
JB_ID10936,S5_001,0.9
JB_ID10937,S2_001,2.8
JB_ID10937,S3_005,1.8
JB_ID10937,S6_002,0.9
JB_ID10938,S2_003,3.9
JB_ID10938,S3_001,10.1
JB_ID10938,S6_003,2.4
JB_ID10939,S1_002,53
JB_ID10940,S2_001,2.6
JB_ID10940,S3_001,10.2
JB_ID10940,S4_006,2.4
JB_ID10940,S5_004,1
JB_ID10941,S3_005,1.8
JB_ID10941,S6_002,0.9
JB_ID10942,S5_001,0.8
JB_ID10942,S5_005,1.2
JB_ID10943,S2_001,2.6
JB_ID10943,S4_004,0.5
JB_ID10944,S1_001,60.7
JB_ID10944,S4_001,3.7
JB_ID10944,S6_003,1.8
JB_ID10945,S2_001,3.3
JB_ID10945,S3_001,7.6
JB_ID10945,S3_002,0.1
JB_ID10945,S4_004,0.6
JB_ID10946,S3_001,9.5
JB_ID10946,S4_006,2.5
JB_ID10947,S2_003,4.5
JB_ID10948,S2_004,2.6
JB_ID10949,S2_001,2.2
JB_ID10949,S4_002,4.4
JB_ID10949,S4_005,4.7
JB_ID10949,S5_001,0.9
JB_ID10950,S1_001,59.7
JB_ID10950,S6_003,1.8
JB_ID10951,S2_003,4.5
JB_ID10951,S4_001,5.3
JB_ID10951,S4_005,4
JB_ID10951,S6_003,1.7
JB_ID10952,S1_002,54.7
JB_ID10952,S5_002,1.1
JB_ID10952,S5_004,1.2
JB_ID10953,S4_003,4.3
JB_ID10953,S4_004,0.5
JB_ID10953,S5_002,1
JB_ID10954,S1_004,2.6
JB_ID10954,S2_002,0.4
JB_ID10954,S4_004,0.5
JB_ID10954,S6_003,2.5
JB_ID10955,S4_006,2.1
JB_ID10955,S5_001,0.7
JB_ID10956,S1_004,2.4
JB_ID10956,S3_002,0.2
JB_ID10957,S1_003,5.3
JB_ID10957,S3_005,2.6
JB_ID10957,S5_002,1.2
JB_ID10958,S4_003,4
JB_ID10958,S5_002,1.1
JB_ID10958,S5_005,1.1
JB_ID10959,S4_005,3
JB_ID10959,S4_006,1.9
JB_ID10959,S6_002,0.8
JB_ID10960,S2_003,4.7
JB_ID10960,S2_004,3
JB_ID10960,S4_001,4.2
JB_ID10960,S4_005,4.6
JB_ID10961,S2_002,0.4
JB_ID10961,S5_004,0.8
JB_ID10961,S5_005,1
JB_ID10962,S5_004,0.8
JB_ID10963,S2_001,3.6
JB_ID10963,S6_001,0.9
JB_ID10964,S2_003,4.7
JB_ID10964,S3_005,2.2
JB_ID10964,S6_003,1.4
JB_ID10965,S1_001,53.7
JB_ID10965,S3_002,0.3
JB_ID10965,S3_004,0.8
JB_ID10966,S2_002,0.6
JB_ID10966,S3_005,1.9
JB_ID10967,S1_004,3.3
JB_ID10967,S2_002,0.4
JB_ID10968,S2_002,0.5
JB_ID10969,S1_002,64
JB_ID10970,S1_001,53.1
JB_ID10970,S1_003,4.8
JB_ID10970,S4_005,3
JB_ID10970,S5_005,0.8
JB_ID10971,S2_003,4.2
JB_ID10971,S5_005,1
JB_ID10972,S4_006,2.5
JB_ID10973,S2_004,3
JB_ID10973,S5_001,0.7
JB_ID10973,S6_003,1.9
JB_ID10974,S3_002,0.2
JB_ID10974,S4_001,3.6
JB_ID10974,S6_001,1.2
JB_ID10975,S1_003,3.6
JB_ID10975,S3_004,1.2
JB_ID10975,S5_003,1.6
JB_ID10976,S4_004,0.7
JB_ID10976,S5_003,2
JB_ID10976,S6_001,1.1
JB_ID10977,S1_002,67.5
JB_ID10977,S2_004,2.8
JB_ID10978,S3_005,2.5
JB_ID10978,S5_001,0.7
JB_ID10979,S1_001,51.1
JB_ID10979,S2_002,0.5
JB_ID10979,S5_003,2
JB_ID10979,S5_005,0.8
JB_ID10980,S1_003,4.4
JB_ID10981,S1_003,3.6
JB_ID10982,S2_003,5.2
JB_ID10982,S4_006,1.8
JB_ID10982,S6_003,1.85
JB_ID10983,S3_001,7
JB_ID10983,S3_004,0.7
JB_ID10983,S5_002,1.1
JB_ID10984,S1_004,3.4
JB_ID10984,S6_001,0.9
JB_ID10985,S4_005,4.25
JB_ID10986,S5_001,0.8
JB_ID10987,S1_004,2.9
JB_ID10987,S4_003,6
JB_ID10987,S5_001,1
JB_ID10987,S6_002,1.1
JB_ID10988,S1_004,2.3
JB_ID10988,S4_004,0.5
JB_ID10988,S5_003,2.5
JB_ID10988,S5_005,1
JB_ID10989,S3_005,2.3
JB_ID10989,S4_004,0.7
JB_ID10989,S6_002,1
JB_ID10990,S2_004,2.1
JB_ID10990,S3_004,1.2
JB_ID10990,S5_003,2.1
JB_ID10990,S6_002,1.1
JB_ID10991,S3_003,2.5
JB_ID10991,S4_004,0.6
JB_ID10991,S6_003,1.7
JB_ID10992,S3_003,2
JB_ID10992,S4_006,1.6
JB_ID10992,S5_001,1.2
JB_ID10993,S4_001,3.5
JB_ID10993,S5_005,1.1
JB_ID10994,S2_004,3.5
JB_ID10994,S5_001,1
JB_ID10994,S5_004,0.7
JB_ID10995,S1_004,2.7
JB_ID10995,S5_004,1.1
JB_ID10996,S2_004,2.6
JB_ID10996,S6_001,1.1
JB_ID10997,S1_004,3.1
JB_ID10997,S5_002,0.8
JB_ID10998,S2_004,3.4
JB_ID10999,S2_001,2.8
JB_ID10999,S2_003,4.5
JB_ID10999,S5_002,1
JB_ID10999,S5_003,2.6
JB_ID11000,S5_004,1.1
JB_ID11001,S3_001,10.3
JB_ID11001,S4_004,0.4
JB_ID11002,S3_003,2.1
JB_ID11003,S1_003,5
JB_ID11003,S6_001,0.8
JB_ID11004,S1_001,60.6
JB_ID11004,S6_003,1.5
JB_ID11005,S1_001,38.5
JB_ID11005,S1_002,44.4
JB_ID11005,S3_004,1.3
JB_ID11005,S4_004,0.7
JB_ID11006,S3_003,2.2
JB_ID11007,S5_001,0.7
JB_ID11008,S5_005,1.1
JB_ID11009,S1_003,5.9
JB_ID11009,S2_001,3.3
JB_ID11009,S4_002,6.2
JB_ID11009,S4_005,3.8
JB_ID11010,S1_003,4
JB_ID11010,S2_002,0.5
JB_ID11011,S1_001,50.2
JB_ID11011,S4_004,0.6
JB_ID11011,S5_001,1.1
JB_ID11012,S1_004,2.7
JB_ID11012,S4_004,0.7
JB_ID11013,S6_001,1
JB_ID11014,S4_006,2.4
JB_ID11015,S4_003,5.8
JB_ID11015,S5_002,1
JB_ID11015,S6_003,1.9
JB_ID11016,S5_001,0.8
JB_ID11017,S3_004,1
JB_ID11017,S3_005,1.5
JB_ID11017,S5_002,1.2
JB_ID11017,S6_003,2.2
JB_ID11018,S2_003,3.9
JB_ID11018,S3_004,1
JB_ID11018,S5_004,1
JB_ID11019,S1_002,39.4
JB_ID11019,S1_003,6.5
JB_ID11020,S5_003,2.2
JB_ID11021,S2_004,2.8
JB_ID11021,S3_003,2.4
JB_ID11021,S6_002,1.3
JB_ID11022,S4_005,3.3
JB_ID11022,S4_006,2.6
JB_ID11023,S3_001,9.2
JB_ID11023,S4_002,3.5
JB_ID11023,S6_003,1.9
JB_ID11024,S5_002,1.3
JB_ID11025,S1_004,2.3
JB_ID11025,S3_001,10.2
JB_ID11025,S3_004,1.1
JB_ID11026,S3_005,2.5
JB_ID11026,S4_005,4.6
JB_ID11027,S4_002,5.4
JB_ID11027,S4_004,0.6
JB_ID11027,S5_004,0.7
JB_ID11028,S5_004,1.2
JB_ID11029,S4_002,5
JB_ID11030,S4_003,4.1
JB_ID11031,S2_003,3.7
JB_ID11031,S4_001,4.1
JB_ID11032,S3_002,0.2
JB_ID11033,S1_004,2.6
JB_ID11033,S2_001,3.7
JB_ID11034,S2_001,2.7
JB_ID11034,S5_003,2.2
JB_ID11035,S2_004,3.2
JB_ID11035,S3_004,1
JB_ID11035,S5_001,0.8
JB_ID11035,S5_002,1.3
JB_ID11036,S3_005,2
JB_ID11037,S4_004,0.7
JB_ID11037,S5_001,1.3
JB_ID11038,S2_004,3.3
JB_ID11039,S3_001,7.4
JB_ID11039,S3_004,1.3
JB_ID11039,S4_002,6.4
JB_ID11039,S4_003,5.8
JB_ID11040,S5_003,1.8
JB_ID11041,S1_003,3.7
JB_ID11041,S3_001,7.6
JB_ID11042,S1_004,3
JB_ID11042,S2_004,2.55
JB_ID11042,S4_006,2.1
JB_ID11043,S3_005,1.7
JB_ID11044,S1_003,6.1
JB_ID11044,S2_004,2.4
JB_ID11044,S4_004,0.5
JB_ID11045,S2_002,0.5
JB_ID11045,S3_002,0.2
JB_ID11045,S5_002,0.9
JB_ID11045,S5_005,0.9
JB_ID11046,S2_003,3.8
JB_ID11046,S3_005,2.4
JB_ID11047,S1_001,61.3
JB_ID11047,S3_004,1.1
JB_ID11047,S4_002,3.9
JB_ID11047,S4_004,0.7
JB_ID11048,S6_001,1.1
JB_ID11049,S2_001,2.2
JB_ID11049,S3_005,1.8
JB_ID11050,S4_005,3.1
JB_ID11050,S5_004,0.8
JB_ID11050,S6_002,1.2
JB_ID11051,S1_002,68.5
JB_ID11052,S5_001,0.8
JB_ID11053,S3_001,9.9
JB_ID11054,S3_002,0.2
JB_ID11054,S4_006,2
JB_ID11055,S3_004,0.8
JB_ID11056,S1_002,40.7
JB_ID11056,S4_006,1.6
JB_ID11057,S2_001,3.6
JB_ID11058,S1_001,56.8
JB_ID11058,S4_003,3.8
JB_ID11058,S4_004,0.5
JB_ID11058,S6_001,0.9
JB_ID11059,S3_002,0.2
JB_ID11059,S3_003,2.4
JB_ID11059,S4_004,0.7
JB_ID11060,S3_001,7.9
JB_ID11060,S3_002,0.2
JB_ID11060,S4_004,0.5
JB_ID11061,S5_001,1.2
JB_ID11061,S6_002,1.3
JB_ID11062,S4_003,5
JB_ID11062,S5_003,1.7
JB_ID11063,S2_003,5.1
JB_ID11063,S3_003,2.1
JB_ID11063,S4_004,0.6
JB_ID11063,S5_005,1.2
JB_ID11064,S4_004,0.6
JB_ID11064,S4_005,3.9
JB_ID11064,S5_005,1
JB_ID11065,S1_002,69.6
JB_ID11065,S3_002,0.1
JB_ID11066,S2_001,3.6
JB_ID11066,S3_003,1.5
JB_ID11066,S3_004,0.9
JB_ID11067,S6_003,2.4
JB_ID11068,S3_005,1.7
JB_ID11068,S4_002,4.6
JB_ID11068,S5_005,1
JB_ID11069,S1_002,67
JB_ID11069,S4_006,1.6
JB_ID11069,S6_002,1.2
JB_ID11070,S4_005,3.3
JB_ID11070,S5_005,0.7
JB_ID11071,S2_002,0.5
JB_ID11071,S2_003,3.5
JB_ID11071,S3_003,2
JB_ID11071,S6_001,0.9
JB_ID11072,S5_004,0.9
JB_ID11073,S4_001,3.85
JB_ID11074,S2_002,0.5
JB_ID11074,S3_003,1.8
JB_ID11074,S4_002,3.7
JB_ID11074,S5_005,1
JB_ID11075,S1_002,50.5
JB_ID11075,S3_005,2
JB_ID11075,S5_003,1.8
JB_ID11075,S5_005,0.7
JB_ID11076,S2_001,3.3
JB_ID11076,S6_003,1.8
JB_ID11077,S1_002,42.5
JB_ID11077,S2_002,0.5
JB_ID11077,S4_003,4
JB_ID11077,S5_005,0.7
JB_ID11078,S1_002,65
JB_ID11079,S1_002,62.6
JB_ID11079,S4_005,3.4
JB_ID11080,S5_005,1.1
JB_ID11081,S1_001,50.8
JB_ID11081,S1_004,3.3
JB_ID11081,S4_006,1.4
JB_ID11081,S6_001,0.8
JB_ID11082,S1_001,43.6
JB_ID11082,S4_004,0.6
JB_ID11082,S4_005,4.4
JB_ID11083,S2_002,0.4
JB_ID11083,S2_004,2.8
JB_ID11083,S3_002,0.2
JB_ID11083,S3_003,2.6
JB_ID11084,S1_004,3.6
JB_ID11084,S3_003,1.6
JB_ID11084,S6_003,2
JB_ID11085,S5_004,0.7
JB_ID11086,S3_001,8.4
JB_ID11086,S3_003,1.5
JB_ID11086,S4_003,3.8
JB_ID11087,S3_003,2.4
JB_ID11087,S6_001,0.7
JB_ID11088,S1_003,5.1
JB_ID11089,S1_001,36.9
JB_ID11089,S3_002,0.3
JB_ID11089,S5_005,1
JB_ID11089,S6_003,2.1
JB_ID11090,S1_001,51.3
JB_ID11090,S3_001,5.8
JB_ID11090,S3_003,2.1
JB_ID11090,S4_003,5.4
JB_ID11091,S3_004,1
JB_ID11092,S1_004,2.8
JB_ID11092,S5_001,1.1
JB_ID11092,S6_003,2.3
JB_ID11093,S3_001,8.7
JB_ID11093,S4_002,4.4
JB_ID11093,S6_003,2.1
JB_ID11094,S2_001,3.5
JB_ID11095,S1_002,56
JB_ID11095,S3_003,1.85
JB_ID11096,S1_002,49.3
JB_ID11096,S2_004,2.9
JB_ID11096,S3_004,0.8
JB_ID11097,S4_004,0.5
JB_ID11097,S5_002,1.1
JB_ID11098,S2_004,3.6
JB_ID11098,S5_003,1.6
JB_ID11098,S6_002,0.8
JB_ID11099,S3_002,0.2
JB_ID11099,S3_005,2.5
JB_ID11100,S1_002,42.3
JB_ID11100,S2_001,3.6
JB_ID11101,S3_004,0.7
JB_ID11101,S4_006,1.8
JB_ID11102,S1_003,3.9
JB_ID11102,S3_005,1.4
JB_ID11102,S5_005,1.2
JB_ID11103,S2_001,2.5
JB_ID11104,S1_001,52
JB_ID11104,S4_005,5
JB_ID11105,S2_004,3.35
JB_ID11105,S5_005,1
JB_ID11106,S2_001,3.6
JB_ID11106,S4_002,4.2
JB_ID11107,S3_003,1.6
JB_ID11107,S5_004,0.9
JB_ID11107,S6_003,2.1
JB_ID11108,S1_002,44.8
JB_ID11108,S3_001,9.6
JB_ID11108,S3_003,2.1
JB_ID11108,S3_004,1.2
JB_ID11109,S6_001,1.2
JB_ID11110,S4_004,0.8
JB_ID11111,S3_003,1.4
JB_ID11111,S3_005,1.4
JB_ID11111,S6_001,1.2
JB_ID11112,S2_004,2.7
JB_ID11112,S5_003,1.9
JB_ID11112,S6_001,0.8
JB_ID11113,S3_004,1.2
JB_ID11114,S3_002,0.2
JB_ID11114,S6_003,1.7
JB_ID11115,S1_004,3.7
JB_ID11115,S3_003,2.2
JB_ID11115,S3_004,0.9
JB_ID11115,S6_003,2.1
JB_ID11116,S3_001,7.4
JB_ID11116,S3_002,0.2
JB_ID11116,S4_002,4.3
JB_ID11116,S4_004,0.7
JB_ID11117,S1_004,2.3
JB_ID11117,S2_003,4.1
JB_ID11118,S5_002,1
JB_ID11119,S2_003,4.4
JB_ID11119,S3_003,2
JB_ID11119,S5_001,1.1
JB_ID11120,S3_002,0.2
JB_ID11121,S1_002,64.6
JB_ID11121,S4_004,0.7
JB_ID11121,S5_004,1.2
JB_ID11121,S5_005,0.7
JB_ID11122,S1_001,58.3
JB_ID11122,S1_003,4.8
JB_ID11122,S1_004,3
JB_ID11123,S1_004,3.6
JB_ID11123,S3_003,1.9
JB_ID11123,S4_001,6.1
JB_ID11124,S6_002,0.9
JB_ID11125,S2_003,3.3
JB_ID11125,S5_001,1.05
JB_ID11125,S5_005,1.1
JB_ID11126,S1_001,53.8
JB_ID11127,S5_003,2.1
JB_ID11127,S5_005,1.1
JB_ID11128,S1_002,57.1
JB_ID11128,S2_004,2.4
JB_ID11128,S4_003,4.2
JB_ID11128,S5_004,1
JB_ID11129,S3_005,1.6
JB_ID11130,S2_001,3.6
JB_ID11131,S1_004,2.8
JB_ID11131,S3_003,1.6
JB_ID11131,S4_003,4.8
JB_ID11132,S3_002,0.2
JB_ID11132,S4_002,4.3
JB_ID11132,S4_003,5.3
JB_ID11133,S1_002,41.4
JB_ID11133,S2_001,2.9
JB_ID11133,S2_002,0.4
JB_ID11133,S5_002,1
JB_ID11134,S2_001,2.6
JB_ID11134,S6_001,0.8
JB_ID11135,S3_002,0.2
JB_ID11135,S6_001,0.9
JB_ID11135,S6_003,1.5
JB_ID11136,S1_001,49.2
JB_ID11136,S1_004,2.8
JB_ID11137,S1_004,3.7
JB_ID11137,S3_001,6.6
JB_ID11137,S5_001,0.7
JB_ID11138,S2_004,3.5
JB_ID11138,S4_001,5.7
JB_ID11138,S4_006,1.5
JB_ID11138,S6_003,1.5
JB_ID11139,S1_001,33.6
JB_ID11139,S1_002,40.6
JB_ID11139,S6_003,1.8
JB_ID11140,S1_004,2.9
JB_ID11140,S3_002,0.2
JB_ID11140,S3_005,1.7
JB_ID11141,S2_002,0.6
JB_ID11141,S4_005,3.9
JB_ID11141,S5_005,1
JB_ID11141,S6_001,0.9
JB_ID11142,S1_002,63.1
JB_ID11142,S1_004,2.5
JB_ID11142,S2_004,3.3
JB_ID11142,S3_003,2.3
JB_ID11143,S2_002,0.6
JB_ID11144,S3_001,7.5
JB_ID11145,S3_002,0.2
JB_ID11146,S1_004,3.5
JB_ID11146,S2_003,4.1
JB_ID11147,S4_003,4.35
JB_ID11147,S6_001,0.7
JB_ID11148,S3_003,1.5
JB_ID11148,S3_005,1.8
JB_ID11148,S4_002,6.3
JB_ID11149,S4_003,4.7
JB_ID11149,S4_004,0.5
JB_ID11150,S2_004,3.1
JB_ID11150,S4_001,3.9
JB_ID11150,S5_002,0.9
JB_ID11150,S5_003,2.3
JB_ID11151,S4_003,5.3
JB_ID11151,S6_003,1.4
JB_ID11152,S1_004,3.6
JB_ID11152,S3_001,10.2
JB_ID11152,S5_002,1
JB_ID11152,S5_003,1.6
JB_ID11153,S2_001,2.6
JB_ID11153,S3_003,1.5
JB_ID11153,S4_002,3.6
JB_ID11153,S5_002,1.1
JB_ID11154,S1_004,3.1
JB_ID11154,S4_003,5.1
JB_ID11154,S6_001,1.1
JB_ID11155,S5_001,1.3
JB_ID11155,S5_003,1.8
JB_ID11155,S5_005,1
JB_ID11156,S1_002,42.5
JB_ID11156,S1_004,3
JB_ID11156,S4_006,2.5
JB_ID11157,S3_001,8.3
JB_ID11157,S3_003,2.6
JB_ID11157,S5_002,1.1
JB_ID11158,S5_004,1
JB_ID11159,S4_003,5.5
JB_ID11159,S5_005,1.1
JB_ID11160,S3_001,8.9
JB_ID11160,S4_003,3.9
JB_ID11160,S4_004,0.5
JB_ID11160,S5_003,1.9
JB_ID11161,S2_001,2.4
JB_ID11161,S5_003,1.8
JB_ID11161,S5_004,1.2
JB_ID11162,S1_001,35.6
JB_ID11162,S4_004,0.6
JB_ID11162,S5_003,2.6
JB_ID11163,S2_001,2.3
JB_ID11164,S4_001,4.7
JB_ID11164,S5_002,1.2
JB_ID11164,S5_005,1.3
JB_ID11165,S1_003,5.2
JB_ID11165,S4_004,0.7
JB_ID11166,S4_003,5.1
JB_ID11166,S4_004,0.5
JB_ID11166,S6_003,2.4
JB_ID11167,S3_002,0.2
JB_ID11167,S5_002,1.2
JB_ID11167,S6_001,1.2
JB_ID11168,S1_002,44.1
JB_ID11168,S1_004,2.9
JB_ID11168,S5_004,1.2
JB_ID11169,S2_001,2.3
JB_ID11169,S3_005,2.4
JB_ID11169,S4_001,5.8
JB_ID11170,S2_002,0.4
JB_ID11170,S3_002,0.2
JB_ID11170,S4_001,4
JB_ID11170,S4_003,4.8
JB_ID11171,S3_002,0.2
JB_ID11171,S3_005,2.1
JB_ID11171,S4_005,4.4
JB_ID11171,S6_002,1
JB_ID11172,S1_004,2.7
JB_ID11172,S6_003,2
JB_ID11173,S3_003,2.1
JB_ID11173,S3_004,1
JB_ID11173,S4_001,3.7
JB_ID11174,S2_002,0.6
JB_ID11174,S3_002,0.2
JB_ID11174,S4_005,3.3
JB_ID11174,S4_006,2.1
JB_ID11175,S1_001,54.7
JB_ID11175,S5_002,1.2
JB_ID11176,S2_004,2.7
JB_ID11176,S4_005,3.3
JB_ID11177,S1_002,52
JB_ID11177,S4_001,4.2
JB_ID11177,S5_005,1.2
JB_ID11178,S3_003,2.3
JB_ID11178,S5_004,1.3
JB_ID11179,S2_002,0.5
JB_ID11179,S3_002,0.2
JB_ID11179,S4_002,3.5
JB_ID11179,S5_005,1.1
JB_ID11180,S2_002,0.5
JB_ID11181,S4_002,5.9
JB_ID11181,S6_001,1
JB_ID11181,S6_002,0.9
JB_ID11182,S1_002,58.4
JB_ID11183,S1_001,59.1
JB_ID11183,S3_001,8.4
JB_ID11183,S4_005,5
JB_ID11184,S3_004,0.9
JB_ID11184,S5_004,1.2
JB_ID11184,S6_001,1.2
JB_ID11185,S1_001,39.7
JB_ID11185,S3_005,1.9
JB_ID11186,S5_005,1.1
JB_ID11187,S4_004,0.6
JB_ID11188,S1_004,2.5
JB_ID11188,S3_005,2.3
JB_ID11188,S4_005,4.6
JB_ID11189,S3_002,0.2
JB_ID11189,S4_002,4.8
JB_ID11189,S4_003,4.6
JB_ID11190,S1_003,4.2
JB_ID11191,S3_001,8.3
JB_ID11191,S4_004,0.6
JB_ID11191,S4_005,3.2
JB_ID11192,S2_001,3.4
JB_ID11192,S5_002,0.9
JB_ID11193,S1_002,54.6
JB_ID11193,S4_001,3.8
JB_ID11194,S2_003,5.1
JB_ID11194,S3_004,0.9
JB_ID11194,S3_005,2.2
JB_ID11194,S5_001,1.2
JB_ID11195,S3_004,1.3
JB_ID11196,S2_001,2.9
JB_ID11196,S2_002,0.6
JB_ID11196,S4_005,4.5
JB_ID11196,S5_004,0.7
JB_ID11197,S2_002,0.5
JB_ID11198,S1_001,47.7
JB_ID11199,S1_001,34.6
JB_ID11199,S3_005,1.8
JB_ID11199,S6_002,1.2
JB_ID11200,S1_003,3.7
JB_ID11200,S2_001,2.9
JB_ID11200,S4_005,4.3
JB_ID11200,S5_003,2.3
JB_ID11201,S3_005,2.3
JB_ID11201,S4_001,4.9
JB_ID11202,S2_003,4.1
JB_ID11202,S2_004,2.5
JB_ID11202,S4_001,5
JB_ID11202,S5_001,0.7
JB_ID11203,S6_002,1
JB_ID11204,S3_002,0.2
JB_ID11204,S3_004,0.8
JB_ID11204,S5_002,0.9
JB_ID11204,S6_001,0.7
JB_ID11205,S1_002,67.3
JB_ID11205,S2_004,3.4
JB_ID11205,S3_002,0.1
JB_ID11205,S3_004,0.8
JB_ID11206,S4_002,4
JB_ID11207,S3_001,7.8
JB_ID11207,S3_004,1.3
JB_ID11207,S4_004,0.4
JB_ID11207,S5_004,1.2
JB_ID11208,S3_004,1.1
JB_ID11209,S1_001,59.6
JB_ID11209,S1_002,48.3
JB_ID11209,S5_002,0.8
JB_ID11210,S4_002,5.1
JB_ID11211,S2_002,0.6
JB_ID11211,S4_001,4.1
JB_ID11211,S4_006,2.6
JB_ID11211,S5_001,1.3
JB_ID11212,S1_001,54.6
JB_ID11212,S1_003,6
JB_ID11213,S3_001,5.8
JB_ID11213,S4_001,5.7
JB_ID11213,S5_005,1
JB_ID11213,S6_003,1.9
JB_ID11214,S1_004,3.6
JB_ID11214,S5_003,1.7
JB_ID11215,S2_003,5.1
JB_ID11215,S3_003,2.5
JB_ID11216,S4_004,0.6
JB_ID11216,S4_005,3.7
JB_ID11216,S5_003,2.6
JB_ID11217,S4_004,0.7
JB_ID11217,S6_002,0.9
JB_ID11218,S4_001,4.4
JB_ID11219,S3_001,8.4
JB_ID11219,S5_001,1.1
JB_ID11220,S1_002,56.1
JB_ID11220,S4_004,0.6
JB_ID11220,S5_005,0.9
JB_ID11221,S3_004,0.9
JB_ID11221,S3_005,2.6
JB_ID11222,S1_002,56
JB_ID11222,S1_004,2.55
JB_ID11223,S1_002,40.5
JB_ID11224,S1_001,58.1
JB_ID11224,S1_002,71
JB_ID11224,S2_001,3.5
JB_ID11225,S2_003,4.7
JB_ID11225,S4_005,4.4
JB_ID11225,S5_002,1.2
JB_ID11225,S5_003,1.9
JB_ID11226,S1_004,3.2
JB_ID11226,S2_004,3.2
JB_ID11226,S3_003,1.4
JB_ID11227,S2_004,3.8
JB_ID11227,S4_002,3.9
JB_ID11227,S4_003,3.5
JB_ID11227,S5_001,0.8
JB_ID11228,S2_003,4.1
JB_ID11228,S3_002,0.2
JB_ID11228,S4_002,4.7
JB_ID11228,S6_002,0.9
JB_ID11229,S2_004,3.6
JB_ID11229,S3_001,7.6
JB_ID11229,S5_003,1.6
JB_ID11229,S5_005,0.9
JB_ID11230,S3_005,1.9
JB_ID11230,S4_002,5.2
JB_ID11230,S5_002,1.1
JB_ID11231,S1_001,40.6
JB_ID11231,S2_003,4.2
JB_ID11231,S4_001,4.8
JB_ID11232,S3_001,9.6
JB_ID11232,S6_003,1.8
JB_ID11233,S3_002,0.3
JB_ID11233,S4_001,4
JB_ID11233,S4_003,5.1
JB_ID11233,S4_004,0.5
JB_ID11234,S1_004,3.5
JB_ID11234,S2_002,0.5
JB_ID11234,S4_001,4
JB_ID11234,S5_004,1.3
JB_ID11235,S1_004,3.1
JB_ID11235,S5_003,2.6
JB_ID11235,S5_005,1.1
JB_ID11236,S1_002,42.5
JB_ID11237,S1_004,2.2
JB_ID11237,S3_002,0.3
JB_ID11237,S4_001,6.2
JB_ID11238,S3_004,0.8
JB_ID11238,S4_001,4.8
JB_ID11238,S6_002,1
JB_ID11239,S2_003,5
JB_ID11239,S4_001,4.9
JB_ID11239,S4_003,6.3
JB_ID11239,S5_002,1.2
JB_ID11240,S5_001,1.2
JB_ID11240,S5_004,0.9
JB_ID11241,S1_003,3.7
JB_ID11241,S4_001,4.85
JB_ID11242,S4_006,1.5
JB_ID11243,S1_002,67.3
JB_ID11243,S5_004,0.8
JB_ID11243,S6_001,0.7
JB_ID11243,S6_003,2.3
JB_ID11244,S2_004,2.3
JB_ID11244,S4_001,3.7
JB_ID11244,S4_006,2.15
JB_ID11245,S1_002,44.4
JB_ID11245,S4_002,6.4
JB_ID11246,S3_004,0.8
JB_ID11247,S2_004,3.3
JB_ID11247,S3_001,7.9
JB_ID11248,S1_004,3.3
JB_ID11249,S2_004,2.6
JB_ID11249,S4_001,5.2
JB_ID11249,S6_003,2.3
JB_ID11250,S3_002,0.2
JB_ID11250,S3_003,2.6
JB_ID11251,S3_001,9.5
JB_ID11251,S4_005,3
JB_ID11252,S4_003,4
JB_ID11252,S4_006,2.6
JB_ID11253,S1_004,2.5
JB_ID11253,S3_002,0.1
JB_ID11253,S5_002,1.1
JB_ID11254,S1_003,5.6
JB_ID11254,S3_001,7.2
JB_ID11254,S6_002,1
JB_ID11255,S1_002,61.6
JB_ID11255,S3_004,0.8
JB_ID11255,S5_004,0.7
JB_ID11256,S5_003,2.6
JB_ID11257,S5_003,2
JB_ID11258,S2_001,3
JB_ID11259,S2_004,3.5
JB_ID11259,S3_004,0.8
JB_ID11259,S3_005,1.6
JB_ID11259,S5_005,0.8
JB_ID11260,S1_001,56.9
JB_ID11260,S4_005,4.9
JB_ID11260,S6_001,0.8
JB_ID11260,S6_003,2.3
JB_ID11261,S3_002,0.2
JB_ID11261,S4_002,5.1
JB_ID11261,S6_001,1
JB_ID11261,S6_003,2.5
JB_ID11262,S1_003,5.5
JB_ID11262,S2_001,3.4
JB_ID11263,S1_001,61
JB_ID11263,S1_004,3.2
JB_ID11263,S2_001,3.9
JB_ID11263,S4_005,4.1
JB_ID11264,S4_001,3.6
JB_ID11264,S5_004,1.2
JB_ID11265,S1_001,58.9
JB_ID11265,S3_002,0.2
JB_ID11265,S3_004,1.2
JB_ID11265,S4_005,3.9
JB_ID11266,S3_005,2
JB_ID11266,S6_001,1
JB_ID11267,S3_001,6
JB_ID11267,S3_002,0.2
JB_ID11267,S4_005,3.9
JB_ID11268,S2_001,3.4
JB_ID11268,S2_004,2.5
JB_ID11268,S3_004,1.2
JB_ID11268,S4_003,4.8
JB_ID11269,S2_004,3.3
JB_ID11269,S5_004,0.9
JB_ID11270,S3_001,7
JB_ID11270,S5_002,0.8
JB_ID11271,S4_002,5.2
JB_ID11271,S5_001,1
JB_ID11271,S6_003,1.7
JB_ID11272,S2_003,3
JB_ID11272,S4_003,3.6
JB_ID11272,S5_003,2.1
JB_ID11273,S5_005,1
JB_ID11274,S4_004,0.5
JB_ID11275,S4_003,3.5
JB_ID11275,S6_002,0.9
JB_ID11276,S4_002,4
JB_ID11277,S5_005,1
JB_ID11278,S1_002,39.9
JB_ID11278,S2_004,2.8
JB_ID11279,S2_003,3.9
JB_ID11279,S5_001,0.8
JB_ID11280,S5_002,1
JB_ID11281,S4_003,4.8
JB_ID11282,S3_004,1.1
JB_ID11283,S5_001,1
JB_ID11283,S5_003,2.3
JB_ID11283,S6_002,1
JB_ID11284,S1_001,55.4
JB_ID11284,S3_001,10.2
JB_ID11285,S1_001,49.8
JB_ID11285,S1_004,2.7
JB_ID11285,S4_002,4.5
JB_ID11286,S2_001,3.5
JB_ID11286,S2_002,0.5
JB_ID11286,S6_001,0.8
JB_ID11287,S2_001,3.3
JB_ID11288,S1_001,39.6
JB_ID11288,S1_003,5.4
JB_ID11288,S2_002,0.5
JB_ID11288,S5_002,0.9
JB_ID11289,S5_002,1.2
JB_ID11289,S5_004,0.8
JB_ID11290,S1_002,51.7
JB_ID11290,S2_002,0.4
JB_ID11290,S3_004,1.2
JB_ID11290,S4_004,0.7
JB_ID11291,S3_001,8.2
JB_ID11291,S4_002,6
JB_ID11291,S4_005,3.7
JB_ID11291,S6_003,1.4
JB_ID11292,S3_003,1.7
JB_ID11292,S3_005,1.8
JB_ID11292,S4_006,1.8
JB_ID11293,S1_001,37.5
JB_ID11293,S2_001,2.3
JB_ID11293,S3_005,1.4
JB_ID11293,S4_006,2.2
JB_ID11294,S4_003,4.9
JB_ID11294,S5_005,1
JB_ID11294,S6_001,1
JB_ID11295,S3_004,1
JB_ID11295,S5_001,1.1
JB_ID11295,S5_002,1
JB_ID11296,S1_004,3
JB_ID11296,S2_002,0.4
JB_ID11296,S4_001,5.9
JB_ID11297,S3_001,6.9
JB_ID11297,S4_006,1.8
JB_ID11298,S3_001,6.6
JB_ID11298,S4_003,6.4
JB_ID11298,S5_001,0.8
JB_ID11299,S1_004,2.3
JB_ID11299,S2_002,0.6
JB_ID11299,S4_006,1.5
JB_ID11300,S2_002,0.4
JB_ID11300,S3_003,1.5
JB_ID11300,S4_001,3.5
JB_ID11300,S5_005,1.3
JB_ID11301,S6_003,1.5
JB_ID11302,S5_003,2.5
JB_ID11302,S5_004,1.05
JB_ID11303,S4_005,3.8
JB_ID11303,S5_004,1.1
JB_ID11303,S6_001,1.1
JB_ID11304,S1_002,67.1
JB_ID11304,S3_005,2
JB_ID11304,S5_001,0.8
JB_ID11304,S6_002,1
JB_ID11305,S1_002,60.5
JB_ID11305,S4_005,2.8
JB_ID11306,S1_001,45.3
JB_ID11306,S2_003,3.2
JB_ID11307,S1_004,3.2
JB_ID11307,S3_004,1
JB_ID11307,S4_006,2.4
JB_ID11307,S5_004,1
JB_ID11308,S3_005,1.6
JB_ID11308,S6_001,0.9
JB_ID11309,S3_003,1.6
JB_ID11309,S4_001,5.2
JB_ID11309,S4_005,3.1
JB_ID11309,S4_006,2.2
JB_ID11310,S3_001,9.4
JB_ID11310,S6_003,1.4
JB_ID11311,S3_001,7.4
JB_ID11311,S3_003,1.8
JB_ID11311,S4_006,2
JB_ID11312,S5_004,0.8
JB_ID11313,S4_003,4.8
JB_ID11314,S1_004,3.7
JB_ID11314,S5_004,0.9
JB_ID11315,S1_001,38.3
JB_ID11315,S1_004,3.6
JB_ID11315,S2_002,0.5
JB_ID11315,S3_001,8.4
JB_ID11316,S4_001,6.4
JB_ID11316,S4_004,0.7
JB_ID11317,S4_002,3.9
JB_ID11317,S5_005,0.8
JB_ID11318,S1_004,3.7
JB_ID11318,S3_001,9.2
JB_ID11318,S3_005,1.7
JB_ID11319,S2_002,0.6
JB_ID11319,S3_004,0.8
JB_ID11319,S3_005,2.4
JB_ID11319,S6_001,0.9
JB_ID11320,S3_002,0.2
JB_ID11320,S4_002,5.5
JB_ID11320,S4_003,6.4
JB_ID11320,S4_006,2.6
JB_ID11321,S1_004,2.9
JB_ID11321,S2_004,3.1
JB_ID11321,S3_004,1.1
JB_ID11322,S3_003,2.5
JB_ID11323,S6_002,0.9
JB_ID11324,S2_001,2.5
JB_ID11324,S5_004,0.8
JB_ID11325,S1_003,5.2
JB_ID11325,S3_001,9.4
JB_ID11325,S4_003,5.3
JB_ID11325,S5_004,0.8
JB_ID11326,S1_002,46.5
JB_ID11326,S4_005,4.1
JB_ID11327,S1_004,3.7
JB_ID11327,S4_006,1.6
JB_ID11328,S1_004,2.8
JB_ID11328,S2_004,2.2
JB_ID11328,S4_005,3.4
JB_ID11329,S2_001,3.1
JB_ID11329,S3_002,0.2
JB_ID11329,S4_002,3.9
JB_ID11329,S6_001,0.7
JB_ID11330,S1_002,56.7
JB_ID11330,S1_004,3.2
JB_ID11330,S3_005,2.5
JB_ID11331,S3_002,0.1
JB_ID11331,S5_003,1.8
JB_ID11332,S4_001,4.2
JB_ID11332,S5_002,1.1
JB_ID11333,S3_004,0.8
JB_ID11333,S5_004,0.9
JB_ID11333,S5_005,0.9
JB_ID11334,S2_004,3.7
JB_ID11334,S3_001,10
JB_ID11334,S5_003,1.8
JB_ID11335,S4_006,1.6
JB_ID11335,S6_002,1.1
JB_ID11335,S6_003,1.7
JB_ID11336,S1_004,2.4
JB_ID11336,S5_005,1.2
JB_ID11337,S1_003,4.9
JB_ID11337,S6_001,0.9
JB_ID11337,S6_003,2.3
JB_ID11338,S1_001,41.4
JB_ID11338,S1_002,44.3
JB_ID11338,S4_002,3.5
JB_ID11339,S2_003,3.4
JB_ID11339,S3_001,5.9
JB_ID11339,S3_002,0.2
JB_ID11339,S4_002,5.2
JB_ID11340,S2_001,3.7
JB_ID11340,S3_001,9.1
JB_ID11341,S3_003,2.2
JB_ID11341,S3_004,1.3
JB_ID11342,S4_002,5.4
JB_ID11342,S4_005,4.1
JB_ID11342,S5_002,0.7
JB_ID11342,S5_005,0.8
JB_ID11343,S4_004,0.7
JB_ID11343,S5_001,0.8
JB_ID11344,S1_001,48.4
JB_ID11344,S3_003,1.5
JB_ID11344,S3_004,1.1
JB_ID11344,S6_001,0.8
JB_ID11345,S2_003,3.5
JB_ID11345,S4_004,0.5
JB_ID11345,S6_002,1.2
JB_ID11346,S1_002,66.1
JB_ID11346,S2_004,2.6
JB_ID11346,S4_001,6.1
JB_ID11346,S4_004,0.6
JB_ID11347,S3_005,2.1
JB_ID11347,S5_001,1
JB_ID11348,S2_004,3.8
JB_ID11348,S3_005,1.7
JB_ID11348,S4_001,5.3
JB_ID11348,S4_003,4.6
JB_ID11349,S4_005,3.4
JB_ID11349,S4_006,2.5
JB_ID11350,S3_001,9.6
JB_ID11350,S6_003,2.1
JB_ID11351,S1_004,3.1
JB_ID11351,S2_001,2.4
JB_ID11352,S5_002,1.1
JB_ID11353,S1_001,38.2
JB_ID11353,S2_001,3.3
JB_ID11353,S4_001,6.2
JB_ID11354,S1_003,3.6
JB_ID11354,S2_003,3.6
JB_ID11355,S1_002,41.15
JB_ID11355,S4_002,4
JB_ID11355,S6_003,1.7
JB_ID11356,S3_003,1.4
JB_ID11357,S2_001,3.8
JB_ID11357,S3_001,9.7
JB_ID11357,S5_005,0.9
JB_ID11358,S1_001,62.4
JB_ID11358,S3_003,2
JB_ID11358,S5_003,1.8
JB_ID11359,S4_001,5.5
JB_ID11359,S4_003,4.1
JB_ID11359,S5_005,1.2
JB_ID11360,S2_001,3.6
JB_ID11360,S4_006,1.85
JB_ID11360,S5_003,1.4
JB_ID11361,S1_004,3
JB_ID11361,S3_004,0.8
JB_ID11361,S5_005,0.8
JB_ID11362,S3_003,1.6
JB_ID11362,S5_005,1.1
JB_ID11362,S6_001,1.3
JB_ID11363,S3_003,1.8
JB_ID11364,S4_006,1.5
JB_ID11365,S2_001,3.2
JB_ID11365,S2_002,0.5
JB_ID11365,S4_001,5.9
JB_ID11365,S4_003,5
JB_ID11366,S1_002,57.2
JB_ID11366,S1_004,2.8
JB_ID11366,S4_001,4.8
JB_ID11367,S4_002,4
JB_ID11367,S5_001,1
JB_ID11368,S2_004,3.8
JB_ID11369,S1_001,54.7
JB_ID11369,S1_003,5.1
JB_ID11369,S2_001,2.4
JB_ID11370,S1_002,39.6
JB_ID11370,S4_002,6.2
JB_ID11371,S6_003,1.7
JB_ID11372,S3_001,10.4
JB_ID11373,S5_005,0.9
JB_ID11374,S4_004,0.7
JB_ID11375,S3_002,0.1
JB_ID11376,S5_001,1.1
JB_ID11377,S2_002,0.4
JB_ID11377,S3_004,0.7
JB_ID11377,S4_004,0.6
JB_ID11378,S4_006,2.1
JB_ID11379,S1_002,45.6
JB_ID11379,S3_005,2.1
JB_ID11379,S4_006,1.6
JB_ID11379,S5_003,1.4
JB_ID11380,S3_005,2.6
JB_ID11380,S5_004,1
JB_ID11381,S1_002,41.4
JB_ID11381,S2_002,0.5
JB_ID11381,S3_005,1.7
JB_ID11382,S1_004,2.7
JB_ID11382,S3_003,1.4
JB_ID11382,S4_005,3.8
JB_ID11383,S3_003,2
JB_ID11384,S1_004,3.5
JB_ID11384,S3_005,1.8
JB_ID11384,S5_002,1
JB_ID11385,S1_002,69.1
JB_ID11385,S2_004,3.5
JB_ID11385,S6_001,1.3
JB_ID11386,S2_001,3.1
JB_ID11387,S3_001,8.85
JB_ID11388,S6_001,1
JB_ID11389,S2_001,3.3
JB_ID11389,S5_002,1.2
JB_ID11389,S5_004,0.9
JB_ID11390,S4_006,1.5
JB_ID11391,S2_003,4.6
JB_ID11391,S3_001,5.8
JB_ID11391,S4_002,6.2
JB_ID11391,S6_002,1.1
JB_ID11392,S1_003,3.6
JB_ID11392,S1_004,3.6
JB_ID11392,S5_001,0.7
JB_ID11392,S6_001,1.1
JB_ID11393,S4_005,4.3
JB_ID11393,S5_001,1.2
JB_ID11393,S5_005,1
JB_ID11394,S1_004,3.5
JB_ID11394,S4_002,3.9
JB_ID11394,S5_001,0.8
JB_ID11395,S1_001,51.3
JB_ID11396,S1_002,51.1
JB_ID11396,S1_003,3.8
JB_ID11397,S2_001,2.2
JB_ID11397,S3_004,1.2
JB_ID11397,S4_005,2.8
JB_ID11397,S5_003,2.1
JB_ID11398,S3_003,2.5
JB_ID11399,S1_004,3.4
JB_ID11399,S4_004,0.8
JB_ID11400,S2_003,3.7
JB_ID11400,S3_005,1.7
JB_ID11400,S4_002,4.2
JB_ID11401,S2_002,0.5
JB_ID11401,S2_003,3.7
JB_ID11401,S3_004,1.2
JB_ID11401,S4_003,4.3
JB_ID11402,S3_002,0.3
JB_ID11403,S2_001,3.9
JB_ID11404,S4_001,3.8
JB_ID11404,S5_003,2.2
JB_ID11405,S1_003,4.3
JB_ID11405,S5_004,1.1
JB_ID11406,S1_001,45.5
JB_ID11406,S1_002,69.1
JB_ID11406,S4_004,0.6
JB_ID11406,S6_001,0.8
JB_ID11407,S3_005,2.3
JB_ID11407,S4_001,3.8
JB_ID11408,S1_001,50.5
JB_ID11408,S3_001,10.2
JB_ID11408,S4_004,0.6
JB_ID11408,S5_003,1.8
JB_ID11409,S3_004,0.7
JB_ID11409,S3_005,2.1
JB_ID11409,S4_006,1.5
JB_ID11409,S5_002,0.7
JB_ID11410,S1_002,70.8
JB_ID11410,S2_001,2.7
JB_ID11410,S2_002,0.4
JB_ID11410,S3_002,0.2
JB_ID11411,S3_001,8.6
JB_ID11411,S6_003,1.5
JB_ID11412,S5_001,1.25
JB_ID11413,S2_002,0.55
JB_ID11413,S5_005,1.2
JB_ID11413,S6_001,0.8
JB_ID11414,S3_001,10.4
JB_ID11414,S3_003,2
JB_ID11415,S1_003,6
JB_ID11415,S4_003,5.7
JB_ID11415,S6_001,1.1
JB_ID11416,S2_004,2.5
JB_ID11416,S4_002,4.3
JB_ID11416,S5_003,1.7
JB_ID11416,S6_001,0.7
JB_ID11417,S1_004,3
JB_ID11417,S4_004,0.5
JB_ID11417,S5_005,1.2
JB_ID11417,S6_003,1.6
JB_ID11418,S6_003,1.6
JB_ID11419,S5_002,1.3
JB_ID11420,S4_001,4.8
JB_ID11420,S4_005,4.4
JB_ID11421,S1_001,61.2
JB_ID11421,S4_006,1.9
JB_ID11421,S5_001,1.1
JB_ID11422,S1_003,3.7
JB_ID11422,S3_005,2.3
JB_ID11422,S4_005,2.9
JB_ID11422,S4_006,2.6
JB_ID11423,S4_003,3.8
JB_ID11423,S5_005,0.9
JB_ID11424,S1_002,70.3
JB_ID11424,S2_003,3.7
JB_ID11424,S5_004,0.8
JB_ID11425,S5_001,1.1
JB_ID11425,S6_002,0.9
JB_ID11426,S2_003,3.4
JB_ID11426,S3_004,1.3
JB_ID11426,S5_004,1.2
JB_ID11426,S6_003,2.3
JB_ID11427,S1_002,70.8
JB_ID11427,S2_002,0.6
JB_ID11427,S5_002,1
JB_ID11427,S5_003,2.6
JB_ID11428,S3_001,6.8
JB_ID11428,S5_001,1.1
JB_ID11428,S5_002,1
JB_ID11429,S3_005,2.1
JB_ID11430,S2_004,3
JB_ID11430,S4_004,0.8
JB_ID11430,S6_001,1.2
JB_ID11430,S6_003,2.4
JB_ID11431,S1_003,3.9
JB_ID11431,S1_004,2.7
JB_ID11431,S2_001,3.3
JB_ID11431,S6_002,0.8
JB_ID11432,S3_003,2.2
JB_ID11432,S4_003,5.8
JB_ID11432,S4_005,3.9
JB_ID11433,S4_006,1.4
JB_ID11434,S5_001,1.3
JB_ID11435,S4_005,3.5
JB_ID11436,S2_001,3.1
JB_ID11436,S2_002,0.6
JB_ID11436,S5_002,0.7
JB_ID11436,S6_001,0.8
JB_ID11437,S3_001,9.5
JB_ID11437,S5_002,0.9
JB_ID11437,S6_001,0.9
JB_ID11437,S6_003,2
JB_ID11438,S1_003,5.4
JB_ID11438,S2_002,0.6
JB_ID11438,S2_004,3.4
JB_ID11438,S4_002,5.7
JB_ID11439,S3_004,0.8
JB_ID11439,S5_005,0.8
JB_ID11439,S6_002,1.1
JB_ID11440,S2_002,0.6
JB_ID11441,S3_003,2.1
JB_ID11442,S1_001,53
JB_ID11442,S1_003,3.6
JB_ID11442,S3_005,1.5
JB_ID11442,S4_001,4
JB_ID11443,S1_003,5.2
JB_ID11443,S5_004,1
JB_ID11444,S2_001,2.4
JB_ID11444,S2_004,2.7
JB_ID11445,S2_001,2.9
JB_ID11445,S6_001,0.9
JB_ID11446,S4_001,3.5
JB_ID11446,S5_001,0.9
JB_ID11447,S1_001,51
JB_ID11447,S3_002,0.2
JB_ID11447,S3_005,2.6
JB_ID11448,S4_004,0.7
JB_ID11449,S3_004,1.1
JB_ID11449,S4_001,4.7
JB_ID11449,S6_001,1.2
JB_ID11450,S5_002,0.7
JB_ID11450,S6_001,1
JB_ID11451,S3_002,0.2
JB_ID11452,S3_002,0.2
JB_ID11452,S5_001,1.1
JB_ID11453,S2_003,3.5
JB_ID11453,S2_004,3.4
JB_ID11454,S5_005,0.9
JB_ID11455,S2_003,4.4
JB_ID11455,S3_005,1.7
JB_ID11456,S1_001,44.6
JB_ID11456,S1_002,39.3
JB_ID11456,S2_004,3.7
JB_ID11456,S4_001,5.3
JB_ID11457,S5_001,1
JB_ID11458,S4_003,4.2
JB_ID11459,S2_003,3.9
JB_ID11459,S2_004,2.8
JB_ID11459,S3_002,0.3
JB_ID11460,S4_001,5
JB_ID11461,S3_005,1.8
JB_ID11461,S5_004,1
JB_ID11461,S6_003,2.35
JB_ID11462,S2_002,0.5
JB_ID11462,S4_002,5
JB_ID11463,S3_002,0.3
JB_ID11463,S3_003,1.6
JB_ID11463,S5_005,0.9
JB_ID11463,S6_001,0.9
JB_ID11464,S4_003,5.7
JB_ID11464,S4_005,3.5
JB_ID11465,S3_003,2.2
JB_ID11466,S2_001,3.6
JB_ID11466,S3_001,9
JB_ID11466,S3_005,2.2
JB_ID11467,S2_003,3.6
JB_ID11467,S4_005,4.8
JB_ID11467,S4_006,2
JB_ID11468,S4_004,0.6
JB_ID11469,S5_002,0.9
JB_ID11470,S1_003,4.6
JB_ID11471,S3_002,0.2
JB_ID11471,S3_004,1
JB_ID11472,S1_004,2.3
JB_ID11472,S3_004,0.8
JB_ID11473,S1_004,2.1
JB_ID11473,S3_004,1.1
JB_ID11473,S5_004,0.8
JB_ID11474,S2_003,4.3
JB_ID11474,S4_005,4
JB_ID11474,S5_004,1.05
JB_ID11475,S4_005,3.2
JB_ID11475,S6_002,1.1
JB_ID11476,S2_002,0.5
JB_ID11476,S4_004,0.7
JB_ID11477,S3_001,8.4
JB_ID11477,S4_003,4.5
JB_ID11477,S5_004,1.2
JB_ID11477,S6_001,0.7
JB_ID11478,S2_004,2.9
JB_ID11479,S1_003,3.9
JB_ID11479,S4_002,5.1
JB_ID11479,S5_002,0.8
JB_ID11479,S6_002,1.1
JB_ID11480,S1_002,66.8
JB_ID11480,S6_002,1.1
JB_ID11481,S1_001,59.5
JB_ID11481,S4_002,5.8
JB_ID11481,S6_002,0.8
JB_ID11481,S6_003,2.6
JB_ID11482,S3_005,2.4
JB_ID11483,S4_005,4.1
JB_ID11483,S5_005,0.9
JB_ID11484,S4_003,5.4
JB_ID11485,S1_002,68.6
JB_ID11485,S2_004,3.8
JB_ID11485,S3_004,1.2
JB_ID11485,S6_002,0.8
JB_ID11486,S1_003,6.2
JB_ID11486,S4_003,6.3
JB_ID11486,S4_005,4.6
JB_ID11486,S4_006,2.4
JB_ID11487,S1_001,51.9
JB_ID11487,S2_001,3.8
JB_ID11487,S2_004,2.6
JB_ID11487,S3_005,1.6
JB_ID11488,S5_003,1.6
JB_ID11489,S2_003,5.1
JB_ID11489,S3_003,2.5
JB_ID11489,S5_001,1.2
JB_ID11490,S4_002,3.9
JB_ID11490,S5_001,0.8
JB_ID11491,S3_005,2.5
JB_ID11492,S4_006,1.5
JB_ID11492,S5_004,1.1
JB_ID11492,S5_005,0.7
JB_ID11493,S5_004,0.9
JB_ID11493,S6_002,0.9
JB_ID11493,S6_003,2.2
JB_ID11494,S1_001,55.7
JB_ID11494,S2_001,2.4
JB_ID11494,S2_003,4.2
JB_ID11495,S3_001,9.1
JB_ID11495,S3_003,2
JB_ID11495,S5_005,1.1
JB_ID11495,S6_003,1.7
JB_ID11496,S4_001,6
JB_ID11496,S4_005,4.7
JB_ID11496,S5_004,1
JB_ID11497,S2_003,3.5
JB_ID11497,S4_002,4
JB_ID11498,S1_004,2.2
JB_ID11498,S2_001,2.9
JB_ID11498,S4_004,0.7
JB_ID11498,S6_001,1
JB_ID11499,S1_002,61.5
JB_ID11500,S1_001,48.2
JB_ID11500,S3_003,1.6
JB_ID11500,S4_002,5.3
JB_ID11500,S5_001,0.9
